name,year,reb,ast,stl,blk,pts
Kareem Abdul-Jabbar,1969-70,1190,337,0,0,2361
Kareem Abdul-Jabbar,1970-71,1311,272,0,0,2596
Kareem Abdul-Jabbar,1971-72,1346,370,0,0,2822
Kareem Abdul-Jabbar,1972-73,1224,379,0,0,2292
Kareem Abdul-Jabbar,1973-74,1178,386,112,283,2191
Kareem Abdul-Jabbar,1974-75,912,264,65,212,1949
Kareem Abdul-Jabbar,1975-76,1383,413,119,338,2275
Kareem Abdul-Jabbar,1976-77,1090,319,101,261,2152
Kareem Abdul-Jabbar,1977-78,801,269,103,185,1600
Kareem Abdul-Jabbar,1978-79,1025,431,76,316,1903
Kareem Abdul-Jabbar,1979-80,886,371,81,280,2034
Kareem Abdul-Jabbar,1980-81,821,272,59,228,2095
Kareem Abdul-Jabbar,1981-82,659,225,63,207,1818
Kareem Abdul-Jabbar,1982-83,592,200,61,170,1722
Kareem Abdul-Jabbar,1983-84,587,211,55,143,1717
Kareem Abdul-Jabbar,1984-85,622,249,63,162,1735
Kareem Abdul-Jabbar,1985-86,478,280,67,130,1846
Kareem Abdul-Jabbar,1986-87,523,203,49,97,1366
Kareem Abdul-Jabbar,1987-88,478,135,48,92,1165
Kareem Abdul-Jabbar,1988-89,334,74,38,85,748
Ray Allen,1996-97,326,210,75,10,1102
Ray Allen,1997-98,405,356,111,12,1602
Ray Allen,1998-99,212,178,53,7,856
Ray Allen,1999-00,359,308,110,19,1809
Ray Allen,2000-01,428,374,124,20,1806
Ray Allen,2001-02,312,271,88,18,1503
Ray Allen,2002-03,381,334,103,14,1713
Ray Allen,2003-04,286,268,71,11,1287
Ray Allen,2004-05,347,289,84,5,1867
Ray Allen,2005-06,332,286,105,16,1955
Ray Allen,2006-07,247,228,82,11,1454
Ray Allen,2007-08,268,225,65,16,1273
Ray Allen,2008-09,278,218,69,13,1434
Ray Allen,2009-10,253,210,64,25,1304
Ray Allen,2010-11,274,219,77,16,1321
Ray Allen,2011-12,142,109,49,8,655
Ray Allen,2012-13,217,135,67,15,863
Ray Allen,2013-14,205,143,54,8,701
Paul Arizin,1950-51,640,138,0,0,1121
Paul Arizin,1951-52,745,170,0,0,1674
Paul Arizin,1954-55,675,210,0,0,1512
Paul Arizin,1955-56,539,189,0,0,1741
Paul Arizin,1956-57,561,150,0,0,1817
Paul Arizin,1957-58,503,135,0,0,1406
Paul Arizin,1958-59,637,119,0,0,1851
Paul Arizin,1959-60,621,165,0,0,1606
Paul Arizin,1960-61,681,188,0,0,1832
Paul Arizin,1961-62,527,201,0,0,1706
Carmelo Anthony,2003-04,498,227,97,41,1725
Carmelo Anthony,2004-05,426,194,68,30,1558
Carmelo Anthony,2005-06,394,216,88,42,2122
Carmelo Anthony,2006-07,391,249,77,23,1881
Carmelo Anthony,2007-08,571,259,98,39,1978
Carmelo Anthony,2008-09,450,222,75,24,1504
Carmelo Anthony,2009-10,454,222,88,30,1943
Carmelo Anthony,2010-11,563,221,68,46,1970
Carmelo Anthony,2011-12,344,200,62,24,1245
Carmelo Anthony,2012-13,460,171,52,32,1920
Carmelo Anthony,2013-14,622,242,95,51,2112
Carmelo Anthony,2014-15,264,122,40,17,966
Carmelo Anthony,2015-16,556,299,62,38,1573
Tiny Archibald,1970-71,242,450,0,0,1308
Tiny Archibald,1971-72,222,701,0,0,2145
Tiny Archibald,1972-73,223,910,0,0,2719
Tiny Archibald,1973-74,85,266,56,7,617
Tiny Archibald,1974-75,222,557,119,7,2170
Tiny Archibald,1975-76,213,615,126,15,1935
Tiny Archibald,1976-77,80,254,59,11,697
Tiny Archibald,1978-79,103,324,55,6,760
Tiny Archibald,1979-80,197,671,106,10,1131
Tiny Archibald,1980-81,176,618,75,18,1106
Tiny Archibald,1981-82,116,541,52,3,858
Tiny Archibald,1982-83,91,409,38,4,695
Tiny Archibald,1983-84,76,160,33,0,340
LaMarcus Aldridge,2006-07,312,24,22,73,565
LaMarcus Aldridge,2007-08,578,122,55,94,1350
LaMarcus Aldridge,2008-09,605,157,77,77,1470
LaMarcus Aldridge,2009-10,627,160,67,48,1393
LaMarcus Aldridge,2010-11,709,170,82,94,1769
LaMarcus Aldridge,2011-12,442,134,51,45,1191
LaMarcus Aldridge,2012-13,670,192,62,91,1560
LaMarcus Aldridge,2013-14,765,178,63,68,1603
LaMarcus Aldridge,2014-15,726,124,48,68,1661
LaMarcus Aldridge,2015-16,632,110,38,81,1331
Charles Barkley,1984-85,703,155,95,80,1148
Charles Barkley,1985-86,1026,312,173,125,1603
Charles Barkley,1986-87,994,331,119,104,1564
Charles Barkley,1987-88,951,254,100,103,2264
Charles Barkley,1988-89,986,325,126,67,2037
Charles Barkley,1989-90,909,307,148,50,1989
Charles Barkley,1990-91,680,284,110,33,1849
Charles Barkley,1991-92,830,308,136,44,1730
Charles Barkley,1992-93,928,385,119,74,1944
Charles Barkley,1993-94,727,296,101,37,1402
Charles Barkley,1994-95,756,276,110,45,1561
Charles Barkley,1995-96,821,262,114,56,1649
Charles Barkley,1996-97,716,248,69,25,1016
Charles Barkley,1997-98,794,217,71,28,1036
Charles Barkley,1998-99,516,192,43,13,676
Charles Barkley,1999-00,209,63,14,4,289
Kobe Bryant,1996-97,132,91,49,23,539
Kobe Bryant,1997-98,242,199,74,40,1220
Kobe Bryant,1998-99,264,190,72,50,996
Kobe Bryant,1999-00,416,323,106,62,1485
Kobe Bryant,2000-01,399,338,114,43,1938
Kobe Bryant,2001-02,441,438,118,35,2019
Kobe Bryant,2002-03,564,481,181,67,2461
Kobe Bryant,2003-04,359,330,112,28,1557
Kobe Bryant,2004-05,392,398,86,53,1819
Kobe Bryant,2005-06,425,360,147,30,2832
Kobe Bryant,2006-07,439,413,111,36,2430
Kobe Bryant,2007-08,517,441,151,40,2323
Kobe Bryant,2008-09,429,399,120,37,2201
Kobe Bryant,2009-10,391,365,113,20,1970
Kobe Bryant,2010-11,419,388,99,12,2078
Kobe Bryant,2011-12,313,264,69,18,1616
Kobe Bryant,2012-13,433,469,106,25,2133
Kobe Bryant,2013-14,26,38,7,1,83
Kobe Bryant,2014-15,199,197,47,7,782
Kobe Bryant,2015-16,247,184,62,13,1161
Larry Bird,1979-80,852,370,143,53,1745
Larry Bird,1980-81,895,451,161,63,1741
Larry Bird,1981-82,837,447,143,66,1761
Larry Bird,1982-83,870,458,148,71,1867
Larry Bird,1983-84,796,520,144,69,1908
Larry Bird,1984-85,842,531,129,98,2295
Larry Bird,1985-86,805,557,166,51,2115
Larry Bird,1986-87,682,566,135,70,2076
Larry Bird,1987-88,703,467,125,57,2275
Larry Bird,1988-89,37,29,6,5,116
Larry Bird,1989-90,712,562,106,61,1820
Larry Bird,1990-91,509,431,108,58,1164
Larry Bird,1991-92,434,306,42,33,908
Walt Bellamy,1961-62,1500,210,0,0,2495
Walt Bellamy,1962-63,1309,233,0,0,2233
Walt Bellamy,1963-64,1361,126,0,0,2159
Walt Bellamy,1964-65,1166,191,0,0,1981
Walt Bellamy,1965-66,1254,235,0,0,1820
Walt Bellamy,1966-67,1064,206,0,0,1499
Walt Bellamy,1967-68,961,164,0,0,1372
Walt Bellamy,1968-69,1101,176,0,0,1527
Walt Bellamy,1969-70,707,143,0,0,917
Walt Bellamy,1970-71,1060,230,0,0,1202
Walt Bellamy,1971-72,1049,262,0,0,1526
Walt Bellamy,1972-73,964,179,0,0,1193
Walt Bellamy,1973-74,740,189,52,48,1011
Walt Bellamy,1974-75,5,0,0,0,6
Rick Barry,1965-66,850,173,0,0,2059
Rick Barry,1966-67,714,282,0,0,2775
Rick Barry,1968-69,329,136,0,0,1190
Rick Barry,1969-70,363,178,0,0,1442
Rick Barry,1970-71,401,294,0,0,1734
Rick Barry,1971-72,602,327,0,0,2518
Rick Barry,1972-73,728,399,0,0,1832
Rick Barry,1973-74,540,484,169,40,2009
Rick Barry,1974-75,456,492,228,33,2450
Rick Barry,1975-76,496,496,202,27,1701
Rick Barry,1976-77,422,475,172,58,1723
Rick Barry,1977-78,449,446,158,45,1898
Rick Barry,1978-79,277,502,95,38,1082
Rick Barry,1979-80,236,268,80,28,866
Chauncey Billups,1997-98,190,314,107,4,893
Chauncey Billups,1998-99,96,173,58,14,624
Chauncey Billups,1999-00,34,39,10,2,112
Chauncey Billups,2000-01,158,260,51,11,713
Chauncey Billups,2001-02,226,450,66,17,1027
Chauncey Billups,2002-03,273,287,63,15,1199
Chauncey Billups,2003-04,276,446,84,8,1318
Chauncey Billups,2004-05,271,464,81,9,1316
Chauncey Billups,2005-06,252,699,71,8,1495
Chauncey Billups,2006-07,237,502,84,17,1191
Chauncey Billups,2007-08,212,529,101,17,1324
Chauncey Billups,2008-09,239,506,93,18,1400
Chauncey Billups,2009-10,228,409,82,9,1427
Chauncey Billups,2010-11,190,387,71,14,1208
Chauncey Billups,2011-12,50,80,9,3,299
Chauncey Billups,2012-13,32,49,12,1,184
Chauncey Billups,2013-14,28,42,8,1,72
Wilt Chamberlain,1959-60,1941,168,0,0,2707
Wilt Chamberlain,1960-61,2149,148,0,0,3033
Wilt Chamberlain,1961-62,2052,192,0,0,4029
Wilt Chamberlain,1962-63,1946,275,0,0,3586
Wilt Chamberlain,1963-64,1787,403,0,0,2948
Wilt Chamberlain,1964-65,1673,250,0,0,2534
Wilt Chamberlain,1965-66,1943,414,0,0,2649
Wilt Chamberlain,1966-67,1957,630,0,0,1956
Wilt Chamberlain,1967-68,1952,702,0,0,1992
Wilt Chamberlain,1968-69,1712,366,0,0,1664
Wilt Chamberlain,1969-70,221,49,0,0,328
Wilt Chamberlain,1970-71,1493,352,0,0,1696
Wilt Chamberlain,1971-72,1572,329,0,0,1213
Wilt Chamberlain,1972-73,1526,365,0,0,1084
Vince Carter,1998-99,283,149,55,77,913
Vince Carter,1999-00,476,322,110,92,2107
Vince Carter,2000-01,416,291,114,82,2070
Vince Carter,2001-02,313,239,94,43,1484
Vince Carter,2002-03,188,143,48,41,884
Vince Carter,2003-04,349,348,88,65,1645
Vince Carter,2004-05,401,327,109,48,1886
Vince Carter,2005-06,462,338,94,53,1911
Vince Carter,2006-07,492,393,82,30,2070
Vince Carter,2007-08,453,389,93,33,1622
Vince Carter,2008-09,410,376,82,38,1662
Vince Carter,2009-10,293,236,53,18,1244
Vince Carter,2010-11,275,146,67,20,1022
Vince Carter,2011-12,205,139,56,25,615
Vince Carter,2012-13,334,194,74,44,1088
Vince Carter,2013-14,284,212,61,35,967
Vince Carter,2014-15,133,79,43,14,384
Vince Carter,2015-16,146,56,38,16,395
Maurice Cheeks,1978-79,254,431,174,12,685
Maurice Cheeks,1979-80,274,556,183,32,898
Maurice Cheeks,1980-81,245,560,193,39,763
Maurice Cheeks,1981-82,248,667,209,33,881
Maurice Cheeks,1982-83,209,543,184,31,990
Maurice Cheeks,1983-84,205,478,171,20,950
Maurice Cheeks,1984-85,217,497,169,24,1025
Maurice Cheeks,1985-86,235,753,207,27,1266
Maurice Cheeks,1986-87,215,538,180,15,1061
Maurice Cheeks,1987-88,253,635,167,22,1086
Maurice Cheeks,1988-89,183,554,105,17,824
Maurice Cheeks,1989-90,240,453,124,10,789
Maurice Cheeks,1990-91,173,435,128,10,592
Maurice Cheeks,1991-92,95,185,83,0,259
Maurice Cheeks,1992-93,42,107,33,2,126
Tyson Chandler,2001-02,343,54,28,93,436
Tyson Chandler,2002-03,514,76,37,106,691
Tyson Chandler,2003-04,270,23,17,43,213
Tyson Chandler,2004-05,775,65,69,141,640
Tyson Chandler,2005-06,714,81,41,104,417
Tyson Chandler,2006-07,904,66,37,129,690
Tyson Chandler,2007-08,928,81,45,84,929
Tyson Chandler,2008-09,393,22,15,56,397
Tyson Chandler,2009-10,320,16,17,55,333
Tyson Chandler,2010-11,692,32,36,80,748
Tyson Chandler,2011-12,612,56,56,89,699
Tyson Chandler,2012-13,703,62,42,75,689
Tyson Chandler,2013-14,529,59,36,63,480
Tyson Chandler,2014-15,864,84,42,91,771
Tyson Chandler,2015-16,576,64,36,44,472
Terry Cummings,1982-83,744,177,129,62,1660
Terry Cummings,1983-84,777,139,92,57,1854
Terry Cummings,1984-85,716,228,117,67,1861
Terry Cummings,1985-86,694,193,121,51,1627
Terry Cummings,1986-87,700,229,129,81,1707
Terry Cummings,1987-88,553,181,78,46,1621
Terry Cummings,1988-89,650,198,106,72,1829
Terry Cummings,1989-90,677,219,110,52,1818
Terry Cummings,1990-91,521,157,61,30,1177
Terry Cummings,1991-92,631,102,58,34,1210
Terry Cummings,1992-93,19,4,1,1,27
Terry Cummings,1993-94,297,50,31,13,429
Terry Cummings,1994-95,378,59,36,19,520
Terry Cummings,1995-96,445,89,56,30,645
Terry Cummings,1996-97,183,39,33,7,370
Terry Cummings,1997-98,283,47,38,10,467
Terry Cummings,1998-99,255,58,46,10,454
Terry Cummings,1999-00,107,21,13,8,184
Bob Cousy,1950-51,474,341,0,0,1078
Bob Cousy,1951-52,421,441,0,0,1433
Bob Cousy,1952-53,449,547,0,0,1407
Bob Cousy,1953-54,394,518,0,0,1383
Bob Cousy,1954-55,424,557,0,0,1504
Bob Cousy,1955-56,492,642,0,0,1356
Bob Cousy,1956-57,309,478,0,0,1319
Bob Cousy,1957-58,322,463,0,0,1167
Bob Cousy,1958-59,359,557,0,0,1297
Bob Cousy,1959-60,352,715,0,0,1455
Bob Cousy,1960-61,331,587,0,0,1378
Bob Cousy,1961-62,261,584,0,0,1175
Bob Cousy,1962-63,193,515,0,0,1003
Bob Cousy,1969-70,5,10,0,0,5
Tim Duncan,1997-98,977,224,55,206,1731
Tim Duncan,1998-99,571,121,45,126,1084
Tim Duncan,1999-00,918,234,66,165,1716
Tim Duncan,2000-01,997,245,70,192,1820
Tim Duncan,2001-02,1042,307,61,203,2089
Tim Duncan,2002-03,1043,316,55,237,1884
Tim Duncan,2003-04,859,213,62,185,1538
Tim Duncan,2004-05,732,179,45,174,1342
Tim Duncan,2005-06,881,253,70,162,1485
Tim Duncan,2006-07,846,273,66,190,1599
Tim Duncan,2007-08,881,218,56,152,1508
Tim Duncan,2008-09,800,264,38,126,1450
Tim Duncan,2009-10,788,246,45,117,1395
Tim Duncan,2010-11,678,203,50,146,1022
Tim Duncan,2011-12,520,132,38,88,895
Tim Duncan,2012-13,686,184,50,183,1227
Tim Duncan,2013-14,721,220,43,139,1119
Tim Duncan,2014-15,704,230,63,151,1070
Tim Duncan,2015-16,447,163,47,78,522
Clyde Drexler,1983-84,235,153,107,29,628
Clyde Drexler,1984-85,476,441,177,68,1377
Clyde Drexler,1985-86,421,600,197,46,1389
Clyde Drexler,1986-87,518,566,204,71,1782
Clyde Drexler,1987-88,533,467,203,52,2185
Clyde Drexler,1988-89,615,450,213,54,2123
Clyde Drexler,1989-90,507,432,145,51,1703
Clyde Drexler,1990-91,546,493,144,60,1767
Clyde Drexler,1991-92,500,512,138,70,1903
Clyde Drexler,1992-93,309,278,95,37,976
Clyde Drexler,1993-94,445,333,98,34,1303
Clyde Drexler,1994-95,480,362,136,45,1653
Clyde Drexler,1995-96,373,302,105,24,1005
Clyde Drexler,1996-97,373,354,119,36,1114
Clyde Drexler,1997-98,346,382,126,42,1287
Adrian Dantley,1976-77,587,144,91,15,1564
Adrian Dantley,1977-78,620,253,118,24,1697
Adrian Dantley,1978-79,342,138,63,12,1040
Adrian Dantley,1979-80,516,191,96,14,1903
Adrian Dantley,1980-81,509,322,109,18,2452
Adrian Dantley,1981-82,514,324,95,14,2457
Adrian Dantley,1982-83,140,105,20,0,676
Adrian Dantley,1983-84,448,310,61,4,2418
Adrian Dantley,1984-85,323,186,57,8,1462
Adrian Dantley,1985-86,395,264,64,4,2267
Adrian Dantley,1986-87,332,162,63,7,1742
Adrian Dantley,1987-88,227,171,39,10,1380
Adrian Dantley,1988-89,317,171,43,13,1400
Adrian Dantley,1989-90,172,80,20,7,662
Adrian Dantley,1990-91,13,9,5,0,57
Kevin Durant,2007-08,348,192,78,75,1624
Kevin Durant,2008-09,482,205,96,53,1871
Kevin Durant,2009-10,623,231,112,84,2472
Kevin Durant,2010-11,533,214,88,76,2161
Kevin Durant,2011-12,527,231,88,77,1850
Kevin Durant,2012-13,640,374,116,105,2280
Kevin Durant,2013-14,598,445,103,59,2593
Kevin Durant,2014-15,178,110,24,25,686
Kevin Durant,2015-16,589,361,69,85,2029
Vlade Divac,1989-90,512,75,79,114,701
Vlade Divac,1990-91,666,92,106,127,921
Vlade Divac,1991-92,247,60,55,35,405
Vlade Divac,1992-93,729,232,128,140,1050
Vlade Divac,1993-94,851,307,92,112,1123
Vlade Divac,1994-95,829,329,109,174,1277
Vlade Divac,1995-96,679,261,76,131,1020
Vlade Divac,1996-97,725,301,103,180,1024
Vlade Divac,1997-98,518,172,83,94,667
Vlade Divac,1998-99,501,215,44,51,714
Vlade Divac,1999-00,656,244,103,103,1005
Vlade Divac,2000-01,673,231,87,93,974
Vlade Divac,2001-02,671,297,79,94,888
Vlade Divac,2002-03,574,274,83,105,795
Vlade Divac,2003-04,463,432,57,77,800
Vlade Divac,2004-05,32,19,4,1,34
Dale Davis,1991-92,410,30,27,74,395
Dale Davis,1992-93,723,69,63,148,727
Dale Davis,1993-94,718,100,48,106,771
Dale Davis,1994-95,696,58,72,116,786
Dale Davis,1995-96,709,76,56,112,803
Dale Davis,1996-97,772,59,60,77,832
Dale Davis,1997-98,611,70,51,87,626
Dale Davis,1998-99,416,22,20,57,398
Dale Davis,1999-00,729,64,52,94,743
Dale Davis,2000-01,606,103,44,76,580
Dale Davis,2001-02,688,96,62,83,742
Dale Davis,2002-03,564,94,51,70,579
Dale Davis,2003-04,398,72,43,62,331
Dale Davis,2004-05,375,47,32,65,284
Dale Davis,2005-06,53,6,0,9,26
Dale Davis,2006-07,137,12,10,34,83
Julius Erving,1971-72,1319,335,0,0,2290
Julius Erving,1972-73,867,298,181,127,2268
Julius Erving,1973-74,899,434,190,204,2299
Julius Erving,1974-75,914,462,186,157,2343
Julius Erving,1975-76,925,423,207,160,2462
Julius Erving,1976-77,695,306,159,113,1770
Julius Erving,1977-78,481,279,135,97,1528
Julius Erving,1978-79,564,357,133,100,1803
Julius Erving,1979-80,576,355,170,140,2100
Julius Erving,1980-81,657,364,173,147,2014
Julius Erving,1981-82,557,319,161,141,1974
Julius Erving,1982-83,491,263,112,131,1542
Julius Erving,1983-84,532,309,141,139,1727
Julius Erving,1984-85,414,233,135,109,1561
Julius Erving,1985-86,370,248,113,82,1340
Julius Erving,1986-87,264,191,76,94,1005
Patrick Ewing,1985-86,451,102,54,103,998
Patrick Ewing,1986-87,555,104,89,147,1356
Patrick Ewing,1987-88,676,125,104,245,1653
Patrick Ewing,1988-89,740,188,117,281,1815
Patrick Ewing,1989-90,893,182,78,327,2347
Patrick Ewing,1990-91,905,244,80,258,2154
Patrick Ewing,1991-92,921,156,88,245,1970
Patrick Ewing,1992-93,980,151,74,161,1959
Patrick Ewing,1993-94,885,179,90,217,1939
Patrick Ewing,1994-95,867,212,68,159,1886
Patrick Ewing,1995-96,806,160,68,184,1711
Patrick Ewing,1996-97,834,156,69,189,1751
Patrick Ewing,1997-98,265,28,16,58,540
Patrick Ewing,1998-99,377,43,30,100,657
Patrick Ewing,1999-00,604,58,36,84,929
Patrick Ewing,2000-01,585,92,53,91,760
Patrick Ewing,2001-02,263,35,22,45,390
Alex English,1976-77,168,25,17,18,310
Alex English,1977-78,395,129,41,55,790
Alex English,1978-79,655,271,70,78,1299
Alex English,1979-80,605,224,73,62,1318
Alex English,1980-81,646,290,106,100,1929
Alex English,1981-82,558,433,87,120,2082
Alex English,1982-83,601,397,116,126,2326
Alex English,1983-84,464,406,83,95,2167
Alex English,1984-85,458,344,101,46,2262
Alex English,1985-86,405,320,73,29,2414
Alex English,1986-87,344,422,73,21,2345
Alex English,1987-88,373,377,70,23,2000
Alex English,1988-89,326,383,66,12,2175
Alex English,1989-90,286,225,51,23,1433
Alex English,1990-91,254,105,40,25,763
Dale Ellis,1983-84,250,56,41,9,549
Dale Ellis,1984-85,238,56,46,7,667
Dale Ellis,1985-86,168,37,40,9,508
Dale Ellis,1986-87,447,238,104,32,2041
Dale Ellis,1987-88,340,197,74,11,1938
Dale Ellis,1988-89,342,164,108,22,2253
Dale Ellis,1989-90,238,110,59,7,1293
Dale Ellis,1990-91,173,95,49,8,857
Dale Ellis,1991-92,253,104,57,18,1272
Dale Ellis,1992-93,312,107,78,18,1366
Dale Ellis,1993-94,255,80,66,11,1170
Dale Ellis,1994-95,222,57,37,9,918
Dale Ellis,1995-96,315,139,57,7,1204
Dale Ellis,1996-97,293,165,60,7,1361
Dale Ellis,1997-98,184,89,60,5,934
Dale Ellis,1998-99,115,38,25,3,495
Dale Ellis,1999-00,56,14,13,0,178
James Edwards,1977-78,615,85,53,78,1262
James Edwards,1978-79,693,92,60,109,1366
James Edwards,1979-80,578,127,55,104,1287
James Edwards,1980-81,571,212,32,128,1266
James Edwards,1981-82,581,123,24,117,1288
James Edwards,1982-83,155,40,12,19,325
James Edwards,1983-84,348,184,23,30,1059
James Edwards,1984-85,387,153,26,52,1044
James Edwards,1985-86,301,74,23,29,848
James Edwards,1986-87,60,19,6,7,168
James Edwards,1987-88,412,78,16,37,814
James Edwards,1988-89,231,49,11,31,555
James Edwards,1989-90,345,63,23,37,1189
James Edwards,1990-91,277,65,12,30,982
James Edwards,1991-92,202,53,24,33,698
James Edwards,1992-93,100,41,10,7,328
James Edwards,1993-94,65,22,4,3,210
James Edwards,1994-95,43,8,5,8,75
James Edwards,1995-96,40,11,1,8,98
Jim Eakins,1968-69,563,53,0,0,1011
Jim Eakins,1969-70,412,71,0,0,528
Jim Eakins,1970-71,778,160,0,0,906
Jim Eakins,1971-72,807,181,0,0,1030
Jim Eakins,1972-73,733,262,0,131,1244
Jim Eakins,1973-74,806,236,65,98,1229
Jim Eakins,1974-75,604,146,57,85,1051
Jim Eakins,1975-76,439,88,34,70,628
Jim Eakins,1976-77,361,119,29,49,490
Jim Eakins,1977-78,75,29,7,17,138
Walt Frazier,1967-68,313,305,0,0,666
Walt Frazier,1968-69,499,635,0,0,1403
Walt Frazier,1969-70,465,629,0,0,1609
Walt Frazier,1970-71,544,536,0,0,1736
Walt Frazier,1971-72,513,446,0,0,1788
Walt Frazier,1972-73,570,461,0,0,1648
Walt Frazier,1973-74,536,551,161,15,1643
Walt Frazier,1974-75,465,474,190,14,1675
Walt Frazier,1975-76,400,351,106,9,1126
Walt Frazier,1976-77,293,403,132,9,1323
Walt Frazier,1977-78,209,209,77,13,825
Walt Frazier,1978-79,20,32,13,2,129
Walt Frazier,1979-80,3,8,2,1,10
Michael Finley,1995-96,374,289,85,31,1233
Michael Finley,1996-97,372,224,68,24,1249
Michael Finley,1997-98,438,405,132,30,1763
Michael Finley,1998-99,263,218,66,15,1009
Michael Finley,1999-00,518,438,109,32,1855
Michael Finley,2000-01,425,360,118,32,1765
Michael Finley,2001-02,360,230,65,25,1424
Michael Finley,2002-03,402,205,76,21,1331
Michael Finley,2003-04,325,212,84,39,1342
Michael Finley,2004-05,262,169,48,18,1003
Michael Finley,2005-06,247,116,37,7,780
Michael Finley,2006-07,223,108,32,16,740
Michael Finley,2007-08,254,114,29,10,826
Michael Finley,2008-09,270,114,37,17,784
Michael Finley,2009-10,71,43,10,6,202
Larry Foust,1950-51,681,90,0,0,915
Larry Foust,1951-52,880,200,0,0,1047
Larry Foust,1952-53,769,151,0,0,958
Larry Foust,1953-54,967,161,0,0,1090
Larry Foust,1954-55,700,118,0,0,1189
Larry Foust,1955-56,648,127,0,0,1166
Larry Foust,1956-57,555,71,0,0,759
Larry Foust,1957-58,876,108,0,0,1210
Larry Foust,1958-59,627,91,0,0,882
Larry Foust,1959-60,621,96,0,0,877
Larry Foust,1960-61,389,77,0,0,552
Larry Foust,1961-62,328,78,0,0,553
World B. Free,1975-76,125,104,37,6,590
World B. Free,1976-77,237,266,75,25,1268
World B. Free,1977-78,212,306,68,41,1191
World B. Free,1978-79,301,340,111,35,2244
World B. Free,1979-80,238,283,81,32,2055
World B. Free,1980-81,159,361,85,11,1565
World B. Free,1981-82,248,419,71,8,1789
World B. Free,1982-83,201,290,97,15,1743
World B. Free,1983-84,217,226,94,8,1669
World B. Free,1984-85,211,320,75,16,1597
World B. Free,1985-86,218,314,91,19,1754
World B. Free,1986-87,19,30,5,4,116
World B. Free,1987-88,44,60,20,3,374
Derek Fisher,1996-97,97,119,41,5,309
Derek Fisher,1997-98,193,333,75,5,474
Derek Fisher,1998-99,91,197,61,1,296
Derek Fisher,1999-00,143,216,80,3,491
Derek Fisher,2000-01,59,87,39,2,229
Derek Fisher,2001-02,146,181,66,9,786
Derek Fisher,2002-03,239,298,93,15,863
Derek Fisher,2003-04,152,187,103,4,580
Derek Fisher,2004-05,218,301,76,4,877
Derek Fisher,2005-06,211,352,125,8,1089
Derek Fisher,2006-07,149,274,83,6,826
Derek Fisher,2007-08,170,239,86,3,956
Derek Fisher,2008-09,188,261,95,6,814
Derek Fisher,2009-10,170,201,90,9,615
Derek Fisher,2010-11,152,224,99,8,558
Derek Fisher,2011-12,121,170,51,4,350
Derek Fisher,2012-13,37,47,19,3,175
Derek Fisher,2013-14,122,117,70,3,425
Donnie Freeman,1967-68,326,190,0,0,1124
Donnie Freeman,1968-69,285,501,0,0,1724
Donnie Freeman,1969-70,400,291,0,0,2163
Donnie Freeman,1970-71,324,332,0,0,1559
Donnie Freeman,1971-72,206,245,0,0,1733
Donnie Freeman,1972-73,219,195,0,0,1103
Donnie Freeman,1973-74,168,165,48,22,943
Donnie Freeman,1974-75,184,202,65,15,1195
Donnie Freeman,1975-76,180,171,57,11,689
Kevin Garnett,1995-96,501,145,86,131,835
Kevin Garnett,1996-97,618,236,105,163,1309
Kevin Garnett,1997-98,786,348,139,150,1518
Kevin Garnett,1998-99,489,202,78,83,977
Kevin Garnett,1999-00,956,401,120,126,1857
Kevin Garnett,2000-01,921,401,111,145,1784
Kevin Garnett,2001-02,981,422,96,126,1714
Kevin Garnett,2002-03,1102,495,113,129,1883
Kevin Garnett,2003-04,1139,409,120,178,1987
Kevin Garnett,2004-05,1108,466,121,112,1817
Kevin Garnett,2005-06,966,308,104,107,1656
Kevin Garnett,2006-07,975,313,89,126,1704
Kevin Garnett,2007-08,655,244,100,89,1337
Kevin Garnett,2008-09,485,144,63,68,899
Kevin Garnett,2009-10,506,185,68,57,990
Kevin Garnett,2010-11,631,171,95,57,1056
Kevin Garnett,2011-12,494,175,56,61,947
Kevin Garnett,2012-13,530,159,78,62,1004
Kevin Garnett,2013-14,358,82,43,40,352
Kevin Garnett,2014-15,311,77,46,17,323
Kevin Garnett,2015-16,150,62,28,10,122
Artis Gilmore,1971-72,1491,230,0,422,2003
Artis Gilmore,1972-73,1476,295,0,259,1743
Artis Gilmore,1973-74,1538,329,57,287,1568
Artis Gilmore,1974-75,1361,208,63,258,1981
Artis Gilmore,1975-76,1303,211,58,205,2067
Artis Gilmore,1976-77,1070,199,44,203,1527
Artis Gilmore,1977-78,1071,263,42,181,1879
Artis Gilmore,1978-79,1043,274,50,156,1940
Artis Gilmore,1979-80,432,133,29,59,855
Artis Gilmore,1980-81,828,172,47,198,1469
Artis Gilmore,1981-82,835,136,49,220,1517
Artis Gilmore,1982-83,984,126,40,192,1479
Artis Gilmore,1983-84,662,70,36,132,982
Artis Gilmore,1984-85,846,131,40,173,1548
Artis Gilmore,1985-86,600,102,39,108,1184
Artis Gilmore,1986-87,579,150,39,95,934
Artis Gilmore,1987-88,211,21,15,30,265
Pau Gasol,2001-02,730,223,41,169,1441
Pau Gasol,2002-03,720,229,34,148,1555
Pau Gasol,2003-04,600,198,44,132,1381
Pau Gasol,2004-05,410,135,37,93,997
Pau Gasol,2005-06,713,371,46,153,1628
Pau Gasol,2006-07,581,201,29,126,1226
Pau Gasol,2007-08,553,211,30,98,1246
Pau Gasol,2008-09,780,284,52,81,1528
Pau Gasol,2009-10,734,218,37,113,1190
Pau Gasol,2010-11,836,273,48,130,1541
Pau Gasol,2011-12,678,237,37,88,1129
Pau Gasol,2012-13,421,200,24,61,673
Pau Gasol,2013-14,580,201,27,92,1041
Pau Gasol,2014-15,919,210,25,147,1446
Pau Gasol,2015-16,793,294,42,146,1187
Horace Grant,1987-88,447,89,51,53,622
Horace Grant,1988-89,681,168,86,62,950
Horace Grant,1989-90,629,227,92,84,1071
Horace Grant,1990-91,659,178,95,69,1000
Horace Grant,1991-92,807,217,100,131,1149
Horace Grant,1992-93,729,201,89,96,1017
Horace Grant,1993-94,769,236,74,84,1057
Horace Grant,1994-95,715,173,76,88,948
Horace Grant,1995-96,580,170,62,74,847
Horace Grant,1996-97,600,163,101,65,845
Horace Grant,1997-98,618,172,81,79,921
Horace Grant,1998-99,351,90,46,60,443
Horace Grant,1999-00,591,188,55,60,612
Horace Grant,2000-01,545,121,51,61,657
Horace Grant,2001-02,481,104,57,49,608
Horace Grant,2002-03,8,7,3,0,26
Horace Grant,2003-04,233,71,24,21,223
George Gervin,1972-73,128,34,0,0,424
George Gervin,1973-74,624,142,101,120,1730
George Gervin,1974-75,697,207,131,138,1965
George Gervin,1975-76,546,201,110,119,1768
George Gervin,1976-77,454,238,105,104,1895
George Gervin,1977-78,420,302,136,110,2232
George Gervin,1978-79,400,219,137,91,2365
George Gervin,1979-80,403,202,110,79,2585
George Gervin,1980-81,419,260,94,56,2221
George Gervin,1981-82,392,187,77,45,2551
George Gervin,1982-83,357,264,88,67,2043
George Gervin,1983-84,313,220,79,47,1967
George Gervin,1984-85,234,178,66,48,1524
George Gervin,1985-86,215,144,49,23,1325
Hal Greer,1958-59,196,101,0,0,753
Hal Greer,1959-60,303,188,0,0,924
Hal Greer,1960-61,455,302,0,0,1551
Hal Greer,1961-62,524,313,0,0,1619
Hal Greer,1962-63,457,275,0,0,1562
Hal Greer,1963-64,484,374,0,0,1865
Hal Greer,1964-65,355,313,0,0,1413
Hal Greer,1965-66,473,384,0,0,1819
Hal Greer,1966-67,422,303,0,0,1765
Hal Greer,1967-68,444,372,0,0,1976
Hal Greer,1968-69,435,414,0,0,1896
Hal Greer,1969-70,376,405,0,0,1762
Hal Greer,1970-71,364,369,0,0,1508
Hal Greer,1971-72,271,316,0,0,959
Hal Greer,1972-73,106,111,0,0,214
John Havlicek,1962-63,534,179,0,0,1140
John Havlicek,1963-64,428,238,0,0,1595
John Havlicek,1964-65,371,199,0,0,1375
John Havlicek,1965-66,423,210,0,0,1334
John Havlicek,1966-67,532,278,0,0,1733
John Havlicek,1967-68,546,384,0,0,1700
John Havlicek,1968-69,570,441,0,0,1771
John Havlicek,1969-70,635,550,0,0,1960
John Havlicek,1970-71,730,607,0,0,2338
John Havlicek,1971-72,672,614,0,0,2252
John Havlicek,1972-73,567,529,0,0,1902
John Havlicek,1973-74,487,447,95,32,1716
John Havlicek,1974-75,484,432,110,16,1573
John Havlicek,1975-76,314,278,97,29,1289
John Havlicek,1976-77,382,400,84,18,1395
John Havlicek,1977-78,332,328,90,22,1322
Elvin Hayes,1968-69,1406,113,0,0,2327
Elvin Hayes,1969-70,1386,162,0,0,2256
Elvin Hayes,1970-71,1362,186,0,0,2350
Elvin Hayes,1971-72,1197,270,0,0,2063
Elvin Hayes,1972-73,1177,127,0,0,1717
Elvin Hayes,1973-74,1463,163,86,240,1735
Elvin Hayes,1974-75,1004,206,158,187,1887
Elvin Hayes,1975-76,878,121,104,202,1585
Elvin Hayes,1976-77,1029,158,87,220,1942
Elvin Hayes,1977-78,1075,149,96,159,1598
Elvin Hayes,1978-79,994,143,75,190,1789
Elvin Hayes,1979-80,896,129,62,189,1859
Elvin Hayes,1980-81,789,98,68,171,1439
Elvin Hayes,1981-82,747,144,62,104,1318
Elvin Hayes,1982-83,616,158,50,81,1046
Elvin Hayes,1983-84,260,71,16,28,402
Bailey Howell,1959-60,790,63,0,0,1332
Bailey Howell,1960-61,1111,196,0,0,1815
Bailey Howell,1961-62,996,186,0,0,1576
Bailey Howell,1962-63,910,232,0,0,1793
Bailey Howell,1963-64,776,205,0,0,1666
Bailey Howell,1964-65,869,208,0,0,1534
Bailey Howell,1965-66,773,155,0,0,1364
Bailey Howell,1966-67,677,103,0,0,1621
Bailey Howell,1967-68,805,133,0,0,1621
Bailey Howell,1968-69,685,137,0,0,1537
Bailey Howell,1969-70,550,120,0,0,1033
Bailey Howell,1970-71,441,115,0,0,878
Dwight Howard,2004-05,823,75,77,136,981
Dwight Howard,2005-06,1022,125,65,115,1292
Dwight Howard,2006-07,1008,158,70,156,1443
Dwight Howard,2007-08,1161,110,74,176,1695
Dwight Howard,2008-09,1093,112,77,231,1624
Dwight Howard,2009-10,1082,144,75,228,1503
Dwight Howard,2010-11,1098,107,107,186,1784
Dwight Howard,2011-12,785,104,81,116,1113
Dwight Howard,2012-13,945,108,84,186,1296
Dwight Howard,2013-14,866,131,60,128,1297
Dwight Howard,2014-15,431,50,28,53,646
Dwight Howard,2015-16,835,98,69,113,976
Jeff Hornacek,1986-87,184,361,70,5,424
Jeff Hornacek,1987-88,262,540,107,10,781
Jeff Hornacek,1988-89,266,465,129,8,1054
Jeff Hornacek,1989-90,313,337,117,14,1179
Jeff Hornacek,1990-91,321,409,111,16,1350
Jeff Hornacek,1991-92,407,411,158,31,1632
Jeff Hornacek,1992-93,342,548,131,21,1511
Jeff Hornacek,1993-94,279,419,127,13,1274
Jeff Hornacek,1994-95,210,347,129,17,1337
Jeff Hornacek,1995-96,209,340,106,20,1247
Jeff Hornacek,1996-97,241,361,124,26,1191
Jeff Hornacek,1997-98,270,349,109,15,1139
Jeff Hornacek,1998-99,160,192,52,14,587
Jeff Hornacek,1999-00,182,202,66,16,953
Grant Hill,1994-95,445,353,124,62,1394
Grant Hill,1995-96,783,548,100,48,1618
Grant Hill,1996-97,721,583,144,48,1710
Grant Hill,1997-98,623,551,143,53,1712
Grant Hill,1998-99,355,300,80,27,1053
Grant Hill,1999-00,490,385,103,43,1906
Grant Hill,2000-01,25,25,5,2,55
Grant Hill,2001-02,125,64,8,4,235
Grant Hill,2002-03,206,122,28,13,421
Grant Hill,2004-05,318,220,97,28,1317
Grant Hill,2005-06,80,48,24,6,318
Grant Hill,2006-07,237,138,61,25,934
Grant Hill,2007-08,353,203,65,56,919
Grant Hill,2008-09,405,186,90,54,985
Grant Hill,2009-10,445,193,60,36,912
Grant Hill,2010-11,338,200,64,35,1056
Grant Hill,2011-12,171,107,41,29,499
Grant Hill,2012-13,49,26,11,7,93
Dan Issel,1970-71,1093,162,0,0,2480
Dan Issel,1971-72,931,195,0,0,2538
Dan Issel,1972-73,922,220,0,0,2292
Dan Issel,1973-74,847,137,69,32,2118
Dan Issel,1974-75,710,188,76,48,1465
Dan Issel,1975-76,923,201,100,56,1930
Dan Issel,1976-77,696,177,91,29,1765
Dan Issel,1977-78,830,304,100,41,1746
Dan Issel,1978-79,738,255,61,46,1380
Dan Issel,1979-80,719,198,88,54,1951
Dan Issel,1980-81,676,158,83,53,1749
Dan Issel,1981-82,608,179,67,55,1852
Dan Issel,1982-83,596,223,83,43,1726
Dan Issel,1983-84,513,173,60,44,1506
Dan Issel,1984-85,331,137,65,31,984
Allen Iverson,1996-97,312,567,157,24,1787
Allen Iverson,1997-98,296,494,176,25,1758
Allen Iverson,1998-99,236,223,110,7,1284
Allen Iverson,1999-00,267,328,144,5,1989
Allen Iverson,2000-01,273,325,178,20,2207
Allen Iverson,2001-02,269,331,168,13,1883
Allen Iverson,2002-03,344,454,225,13,2262
Allen Iverson,2003-04,178,324,115,5,1266
Allen Iverson,2004-05,299,596,180,9,2302
Allen Iverson,2005-06,232,532,140,10,2377
Allen Iverson,2006-07,193,468,123,13,1709
Allen Iverson,2007-08,243,586,160,12,2164
Allen Iverson,2008-09,173,283,88,6,995
Allen Iverson,2009-10,79,113,19,2,385
Andre Iguodala,2004-05,464,246,138,48,741
Andre Iguodala,2005-06,481,255,135,21,1007
Andre Iguodala,2006-07,434,432,152,33,1386
Andre Iguodala,2007-08,446,391,171,49,1630
Andre Iguodala,2008-09,471,434,131,36,1541
Andre Iguodala,2009-10,529,472,141,55,1401
Andre Iguodala,2010-11,387,422,101,38,945
Andre Iguodala,2011-12,381,339,107,30,771
Andre Iguodala,2012-13,423,433,139,52,1038
Andre Iguodala,2013-14,293,263,95,18,588
Andre Iguodala,2014-15,257,228,89,25,604
Andre Iguodala,2015-16,263,219,73,19,457
Zydrunas Ilgauskas,1997-98,723,71,52,135,1139
Zydrunas Ilgauskas,1998-99,44,4,4,7,76
Zydrunas Ilgauskas,2000-01,160,18,15,37,281
Zydrunas Ilgauskas,2001-02,334,70,17,84,690
Zydrunas Ilgauskas,2002-03,611,127,56,152,1390
Zydrunas Ilgauskas,2003-04,653,109,39,201,1237
Zydrunas Ilgauskas,2004-05,672,100,53,165,1320
Zydrunas Ilgauskas,2005-06,591,91,38,136,1217
Zydrunas Ilgauskas,2006-07,599,123,48,98,925
Zydrunas Ilgauskas,2007-08,682,104,34,120,1029
Zydrunas Ilgauskas,2008-09,490,64,28,84,838
Zydrunas Ilgauskas,2009-10,345,48,14,50,474
Zydrunas Ilgauskas,2010-11,287,26,23,58,360
Serge Ibaka,2009-10,397,10,25,97,461
Serge Ibaka,2010-11,622,22,31,198,808
Serge Ibaka,2011-12,498,28,33,241,603
Serge Ibaka,2012-13,617,43,28,242,1055
Serge Ibaka,2013-14,709,85,39,219,1227
Serge Ibaka,2014-15,499,55,30,155,917
Serge Ibaka,2015-16,533,66,38,148,983
Ersan Ilyasova,2006-07,189,49,27,17,402
Ersan Ilyasova,2009-10,517,84,53,23,840
Ersan Ilyasova,2010-11,365,56,51,24,571
Ersan Ilyasova,2011-12,529,71,42,44,782
Ersan Ilyasova,2012-13,520,117,68,36,962
Ersan Ilyasova,2013-14,342,72,46,8,618
Ersan Ilyasova,2014-15,277,56,36,19,669
Ersan Ilyasova,2015-16,403,67,52,33,767
Michael Jordan,1984-85,534,481,196,69,2313
Michael Jordan,1985-86,64,53,37,21,408
Michael Jordan,1986-87,430,377,236,125,3041
Michael Jordan,1987-88,449,485,259,131,2868
Michael Jordan,1988-89,652,650,234,65,2633
Michael Jordan,1989-90,565,519,227,54,2753
Michael Jordan,1990-91,492,453,223,83,2580
Michael Jordan,1991-92,511,489,182,75,2404
Michael Jordan,1992-93,522,428,221,61,2541
Michael Jordan,1994-95,117,90,30,13,457
Michael Jordan,1995-96,543,352,180,42,2491
Michael Jordan,1996-97,482,352,140,44,2431
Michael Jordan,1997-98,475,283,141,45,2357
Michael Jordan,2001-02,339,310,85,26,1375
Michael Jordan,2002-03,497,311,123,39,1640
LeBron James,2003-04,432,465,130,58,1654
LeBron James,2004-05,588,577,177,52,2175
LeBron James,2005-06,556,521,123,66,2478
LeBron James,2006-07,526,470,125,55,2132
LeBron James,2007-08,592,539,138,81,2250
LeBron James,2008-09,613,587,137,93,2304
LeBron James,2009-10,554,651,125,77,2258
LeBron James,2010-11,590,554,124,50,2111
LeBron James,2011-12,492,387,115,50,1683
LeBron James,2012-13,610,551,129,67,2036
LeBron James,2013-14,533,488,121,26,2089
LeBron James,2014-15,416,511,109,49,1743
LeBron James,2015-16,565,514,104,49,1920
Magic Johnson,1979-80,596,563,187,41,1387
Magic Johnson,1980-81,320,317,127,27,798
Magic Johnson,1981-82,751,743,208,34,1447
Magic Johnson,1982-83,683,829,176,47,1326
Magic Johnson,1983-84,491,875,150,49,1178
Magic Johnson,1984-85,476,968,113,25,1406
Magic Johnson,1985-86,426,907,113,16,1354
Magic Johnson,1986-87,504,977,138,36,1909
Magic Johnson,1987-88,449,858,114,13,1408
Magic Johnson,1988-89,607,988,138,22,1730
Magic Johnson,1989-90,522,907,132,34,1765
Magic Johnson,1990-91,551,989,102,17,1531
Magic Johnson,1995-96,183,220,26,13,468
Eddie Jones,1994-95,249,128,131,41,897
Eddie Jones,1995-96,233,246,129,45,893
Eddie Jones,1996-97,326,270,189,49,1374
Eddie Jones,1997-98,302,246,160,55,1349
Eddie Jones,1998-99,194,186,125,58,780
Eddie Jones,1999-00,343,305,192,49,1446
Eddie Jones,2000-01,292,171,110,58,1094
Eddie Jones,2001-02,378,262,117,77,1480
Eddie Jones,2002-03,226,173,64,31,869
Eddie Jones,2003-04,308,258,92,34,1401
Eddie Jones,2004-05,405,212,86,38,1018
Eddie Jones,2005-06,279,177,131,27,885
Eddie Jones,2006-07,190,109,68,10,493
Eddie Jones,2007-08,132,69,26,8,176
Bobby Jones,1974-75,692,303,167,153,1245
Bobby Jones,1975-76,791,331,170,184,1235
Bobby Jones,1976-77,678,264,186,162,1238
Bobby Jones,1977-78,636,252,137,126,1088
Bobby Jones,1978-79,531,201,107,96,965
Bobby Jones,1979-80,450,146,102,118,1053
Bobby Jones,1980-81,435,226,95,74,1096
Bobby Jones,1981-82,393,189,99,112,1095
Bobby Jones,1982-83,344,142,85,91,665
Bobby Jones,1983-84,323,187,107,103,619
Bobby Jones,1984-85,297,155,84,50,600
Bobby Jones,1985-86,169,126,48,50,492
Kevin Johnson,1987-88,191,437,103,24,732
Kevin Johnson,1988-89,340,991,135,24,1650
Kevin Johnson,1989-90,270,846,95,14,1665
Kevin Johnson,1990-91,271,781,163,11,1710
Kevin Johnson,1991-92,292,836,116,23,1536
Kevin Johnson,1992-93,104,384,85,19,791
Kevin Johnson,1993-94,167,637,125,10,1340
Kevin Johnson,1994-95,115,360,47,18,730
Kevin Johnson,1995-96,221,517,82,13,1047
Kevin Johnson,1996-97,253,653,102,12,1410
Kevin Johnson,1997-98,164,245,27,8,476
Kevin Johnson,1999-00,16,24,2,0,40
Jason Kidd,1994-95,430,607,151,24,922
Jason Kidd,1995-96,553,783,175,26,1348
Jason Kidd,1996-97,249,496,124,20,599
Jason Kidd,1997-98,510,745,162,26,954
Jason Kidd,1998-99,339,539,114,19,846
Jason Kidd,1999-00,483,678,134,28,959
Jason Kidd,2000-01,494,753,166,23,1299
Jason Kidd,2001-02,595,808,175,20,1208
Jason Kidd,2002-03,504,711,179,25,1495
Jason Kidd,2003-04,428,618,122,14,1036
Jason Kidd,2004-05,488,545,123,9,951
Jason Kidd,2005-06,580,672,150,29,1065
Jason Kidd,2006-07,655,736,127,23,1041
Jason Kidd,2007-08,600,806,136,26,864
Jason Kidd,2008-09,500,702,160,39,731
Jason Kidd,2009-10,445,724,145,35,824
Jason Kidd,2010-11,351,655,134,29,630
Jason Kidd,2011-12,198,264,82,10,299
Jason Kidd,2012-13,323,249,125,25,458
Shawn Kemp,1989-90,346,26,47,70,525
Shawn Kemp,1990-91,679,144,77,123,1214
Shawn Kemp,1991-92,665,86,70,124,994
Shawn Kemp,1992-93,833,155,119,146,1388
Shawn Kemp,1993-94,851,207,142,166,1431
Shawn Kemp,1994-95,893,149,102,122,1530
Shawn Kemp,1995-96,904,173,93,127,1550
Shawn Kemp,1996-97,807,156,125,81,1516
Shawn Kemp,1997-98,745,197,108,90,1442
Shawn Kemp,1998-99,388,101,48,45,862
Shawn Kemp,1999-00,725,138,100,96,1463
Shawn Kemp,2000-01,259,65,45,23,441
Shawn Kemp,2001-02,288,52,43,33,454
Shawn Kemp,2002-03,451,55,66,33,537
Andrei Kirilenko,2001-02,402,94,116,159,880
Andrei Kirilenko,2002-03,420,138,118,175,963
Andrei Kirilenko,2003-04,629,244,150,215,1284
Andrei Kirilenko,2004-05,255,132,67,136,640
Andrei Kirilenko,2005-06,552,299,102,220,1054
Andrei Kirilenko,2006-07,329,202,74,144,584
Andrei Kirilenko,2007-08,339,285,86,109,792
Andrei Kirilenko,2008-09,319,175,83,77,776
Andrei Kirilenko,2009-10,264,158,83,71,688
Andrei Kirilenko,2010-11,327,192,81,74,750
Andrei Kirilenko,2012-13,362,177,96,62,791
Andrei Kirilenko,2013-14,146,72,40,19,226
Andrei Kirilenko,2014-15,8,1,1,0,3
Bernard King,1977-78,751,193,122,36,1909
Bernard King,1978-79,669,295,118,39,1769
Bernard King,1979-80,88,52,7,4,176
Bernard King,1980-81,551,287,72,34,1771
Bernard King,1981-82,469,282,78,23,1833
Bernard King,1982-83,326,195,90,13,1486
Bernard King,1983-84,394,164,75,17,2027
Bernard King,1984-85,317,204,71,15,1809
Bernard King,1986-87,32,19,2,0,136
Bernard King,1987-88,280,192,49,10,1188
Bernard King,1988-89,384,294,64,13,1674
Bernard King,1989-90,404,376,51,7,1837
Bernard King,1990-91,319,292,56,16,1817
Bernard King,1992-93,76,18,11,3,223
Jerome Kersey,1984-85,206,63,49,29,473
Jerome Kersey,1985-86,293,83,85,32,672
Jerome Kersey,1986-87,496,194,122,77,1009
Jerome Kersey,1987-88,657,243,127,65,1516
Jerome Kersey,1988-89,629,243,137,84,1330
Jerome Kersey,1989-90,690,188,121,63,1310
Jerome Kersey,1990-91,481,227,101,76,1084
Jerome Kersey,1991-92,633,243,114,71,971
Jerome Kersey,1992-93,406,121,80,41,686
Jerome Kersey,1993-94,331,75,71,49,508
Jerome Kersey,1994-95,256,82,52,35,508
Jerome Kersey,1995-96,363,114,91,45,510
Jerome Kersey,1996-97,363,89,119,49,476
Jerome Kersey,1997-98,135,44,52,14,234
Jerome Kersey,1998-99,130,41,37,14,145
Jerome Kersey,1999-00,225,69,67,47,321
Jerome Kersey,2000-01,45,15,14,8,72
Billy Knight,1974-75,632,168,115,29,1371
Billy Knight,1975-76,708,259,92,23,1969
Billy Knight,1976-77,582,260,117,19,2075
Billy Knight,1977-78,383,161,82,13,1215
Billy Knight,1978-79,347,152,63,8,1131
Billy Knight,1979-80,361,155,82,9,986
Billy Knight,1980-81,410,157,84,12,1436
Billy Knight,1981-82,257,118,63,14,998
Billy Knight,1982-83,324,192,66,8,1370
Billy Knight,1983-84,255,160,54,6,963
Billy Knight,1984-85,118,80,16,2,387
Bob Lanier,1970-71,665,146,0,0,1281
Bob Lanier,1971-72,1132,248,0,0,2056
Bob Lanier,1972-73,1205,260,0,0,1927
Bob Lanier,1973-74,1074,343,110,247,1822
Bob Lanier,1974-75,914,350,75,172,1823
Bob Lanier,1975-76,746,217,79,86,1366
Bob Lanier,1976-77,745,214,70,126,1616
Bob Lanier,1977-78,715,216,82,93,1542
Bob Lanier,1978-79,494,140,50,75,1253
Bob Lanier,1979-80,552,184,74,89,1210
Bob Lanier,1980-81,413,179,73,81,961
Bob Lanier,1981-82,388,219,72,56,996
Bob Lanier,1982-83,200,105,34,24,417
Bob Lanier,1983-84,455,186,58,51,978
Bill Laimbeer,1980-81,693,216,56,78,791
Bill Laimbeer,1981-82,617,100,39,64,718
Bill Laimbeer,1982-83,993,263,51,118,1119
Bill Laimbeer,1983-84,1003,149,49,84,1422
Bill Laimbeer,1984-85,1013,154,69,71,1438
Bill Laimbeer,1985-86,1075,146,59,65,1360
Bill Laimbeer,1986-87,955,151,72,69,1263
Bill Laimbeer,1987-88,832,199,66,78,1110
Bill Laimbeer,1988-89,776,177,51,100,1106
Bill Laimbeer,1989-90,780,171,57,84,981
Bill Laimbeer,1990-91,737,157,38,56,904
Bill Laimbeer,1991-92,451,160,51,54,783
Bill Laimbeer,1992-93,419,127,46,40,687
Bill Laimbeer,1993-94,56,14,6,4,108
Jerry Lucas,1963-64,1375,204,0,0,1400
Jerry Lucas,1964-65,1321,157,0,0,1414
Jerry Lucas,1965-66,1668,213,0,0,1697
Jerry Lucas,1966-67,1547,268,0,0,1438
Jerry Lucas,1967-68,1560,251,0,0,1760
Jerry Lucas,1968-69,1360,306,0,0,1357
Jerry Lucas,1969-70,951,175,0,0,1010
Jerry Lucas,1970-71,1265,293,0,0,1535
Jerry Lucas,1971-72,1011,318,0,0,1283
Jerry Lucas,1972-73,510,317,0,0,704
Jerry Lucas,1973-74,374,230,28,24,455
Rashard Lewis,1998-99,25,4,8,1,47
Rashard Lewis,1999-00,336,70,62,36,674
Rashard Lewis,2000-01,541,125,91,45,1151
Rashard Lewis,2001-02,498,123,104,40,1195
Rashard Lewis,2002-03,503,133,99,35,1396
Rashard Lewis,2003-04,518,175,99,54,1421
Rashard Lewis,2004-05,388,94,75,62,1457
Rashard Lewis,2005-06,390,182,102,50,1568
Rashard Lewis,2006-07,396,145,68,39,1342
Rashard Lewis,2007-08,437,196,99,38,1476
Rashard Lewis,2008-09,453,205,81,51,1401
Rashard Lewis,2009-10,318,107,78,28,1013
Rashard Lewis,2010-11,290,92,52,30,668
Rashard Lewis,2011-12,109,27,23,10,217
Rashard Lewis,2012-13,121,30,21,14,285
Rashard Lewis,2013-14,110,57,53,8,268
Clyde Lovellette,1953-54,419,51,0,0,588
Clyde Lovellette,1954-55,802,100,0,0,1311
Clyde Lovellette,1955-56,992,164,0,0,1526
Clyde Lovellette,1956-57,932,139,0,0,1434
Clyde Lovellette,1957-58,862,134,0,0,1659
Clyde Lovellette,1958-59,605,91,0,0,1009
Clyde Lovellette,1959-60,721,127,0,0,1416
Clyde Lovellette,1960-61,677,172,0,0,1471
Clyde Lovellette,1961-62,350,68,0,0,837
Clyde Lovellette,1962-63,177,27,0,0,395
Clyde Lovellette,1963-64,126,24,0,0,301
David Lee,2005-06,303,43,30,20,345
David Lee,2006-07,602,104,48,23,621
David Lee,2007-08,724,95,55,29,876
David Lee,2008-09,951,174,80,22,1293
David Lee,2009-10,949,295,85,40,1640
David Lee,2010-11,714,233,74,31,1203
David Lee,2011-12,545,162,54,22,1147
David Lee,2012-13,886,279,67,22,1459
David Lee,2013-14,643,147,48,26,1257
David Lee,2014-15,257,85,31,26,388
David Lee,2015-16,305,84,22,28,427
Karl Malone,1985-86,718,236,105,44,1203
Karl Malone,1986-87,855,158,104,60,1779
Karl Malone,1987-88,986,199,117,50,2268
Karl Malone,1988-89,853,219,144,70,2326
Karl Malone,1989-90,911,226,121,50,2540
Karl Malone,1990-91,967,270,89,79,2382
Karl Malone,1991-92,909,241,108,51,2272
Karl Malone,1992-93,919,308,124,85,2217
Karl Malone,1993-94,940,328,125,126,2063
Karl Malone,1994-95,871,285,129,85,2187
Karl Malone,1995-96,804,345,138,56,2106
Karl Malone,1996-97,809,368,113,48,2249
Karl Malone,1997-98,834,316,96,70,2190
Karl Malone,1998-99,463,201,62,28,1164
Karl Malone,1999-00,779,304,79,71,2095
Karl Malone,2000-01,669,361,93,62,1878
Karl Malone,2001-02,686,341,152,59,1788
Karl Malone,2002-03,628,379,136,31,1667
Karl Malone,2003-04,367,163,50,20,554
Moses Malone,1974-75,1209,82,85,128,1557
Moses Malone,1975-76,413,58,25,28,614
Moses Malone,1976-77,1072,89,67,181,1083
Moses Malone,1977-78,886,31,48,76,1144
Moses Malone,1978-79,1444,147,79,119,2031
Moses Malone,1979-80,1190,147,80,107,2119
Moses Malone,1980-81,1180,141,83,150,2222
Moses Malone,1981-82,1188,142,76,125,2520
Moses Malone,1982-83,1194,101,89,157,1908
Moses Malone,1983-84,950,96,71,110,1609
Moses Malone,1984-85,1031,130,67,123,1941
Moses Malone,1985-86,872,90,67,71,1759
Moses Malone,1986-87,824,120,59,92,1760
Moses Malone,1987-88,884,112,59,72,1607
Moses Malone,1988-89,956,112,79,100,1637
Moses Malone,1989-90,812,130,47,84,1528
Moses Malone,1990-91,667,68,30,74,869
Moses Malone,1991-92,744,93,74,64,1279
Moses Malone,1992-93,46,7,1,8,50
Moses Malone,1993-94,226,34,11,17,294
Moses Malone,1994-95,46,6,2,3,49
Reggie Miller,1987-88,190,132,53,19,822
Reggie Miller,1988-89,292,227,93,29,1181
Reggie Miller,1989-90,295,311,110,18,2016
Reggie Miller,1990-91,281,331,109,13,1855
Reggie Miller,1991-92,318,314,105,26,1695
Reggie Miller,1992-93,258,262,120,26,1736
Reggie Miller,1993-94,212,248,119,24,1574
Reggie Miller,1994-95,210,242,98,16,1588
Reggie Miller,1995-96,214,253,77,13,1606
Reggie Miller,1996-97,286,273,75,25,1751
Reggie Miller,1997-98,232,171,78,11,1578
Reggie Miller,1998-99,135,112,37,9,920
Reggie Miller,1999-00,239,187,85,25,1470
Reggie Miller,2000-01,285,260,81,15,1527
Reggie Miller,2001-02,219,253,88,10,1304
Reggie Miller,2002-03,172,170,62,4,882
Reggie Miller,2003-04,188,249,65,11,800
Reggie Miller,2004-05,156,146,50,5,974
Shawn Marion,1999-00,332,69,38,53,520
Shawn Marion,2000-01,848,160,132,108,1369
Shawn Marion,2001-02,803,162,149,86,1547
Shawn Marion,2002-03,773,198,185,95,1716
Shawn Marion,2003-04,737,214,167,104,1498
Shawn Marion,2004-05,915,154,163,119,1569
Shawn Marion,2005-06,959,143,160,137,1769
Shawn Marion,2006-07,785,134,156,122,1403
Shawn Marion,2007-08,643,138,125,85,972
Shawn Marion,2008-09,589,139,88,66,891
Shawn Marion,2009-10,477,107,69,61,898
Shawn Marion,2010-11,551,110,68,50,999
Shawn Marion,2011-12,465,132,67,36,670
Shawn Marion,2012-13,525,163,75,47,812
Shawn Marion,2013-14,497,124,90,37,791
Shawn Marion,2014-15,202,51,27,27,276
Dikembe Mutombo,1991-92,870,156,43,210,1177
Dikembe Mutombo,1992-93,1070,147,43,287,1131
Dikembe Mutombo,1993-94,971,127,59,336,986
Dikembe Mutombo,1994-95,1029,113,40,321,946
Dikembe Mutombo,1995-96,871,108,38,332,814
Dikembe Mutombo,1996-97,929,110,49,264,1066
Dikembe Mutombo,1997-98,932,82,34,277,1101
Dikembe Mutombo,1998-99,610,57,16,147,541
Dikembe Mutombo,1999-00,1157,105,27,269,942
Dikembe Mutombo,2000-01,1015,76,29,203,749
Dikembe Mutombo,2001-02,863,83,29,190,920
Dikembe Mutombo,2002-03,153,19,4,37,138
Dikembe Mutombo,2003-04,437,25,17,123,363
Dikembe Mutombo,2004-05,426,10,16,101,322
Dikembe Mutombo,2005-06,306,4,17,57,169
Dikembe Mutombo,2006-07,488,13,22,76,230
Dikembe Mutombo,2007-08,199,5,11,48,118
Dikembe Mutombo,2008-09,33,0,0,11,16
Kevin McHale,1980-81,359,55,27,151,818
Kevin McHale,1981-82,556,91,30,185,1117
Kevin McHale,1982-83,553,104,34,192,1159
Kevin McHale,1983-84,610,104,23,126,1511
Kevin McHale,1984-85,712,141,28,120,1565
Kevin McHale,1985-86,551,181,29,134,1448
Kevin McHale,1986-87,763,198,38,172,2008
Kevin McHale,1987-88,536,171,27,92,1446
Kevin McHale,1988-89,637,172,26,97,1758
Kevin McHale,1989-90,677,172,30,157,1712
Kevin McHale,1990-91,480,126,25,146,1251
Kevin McHale,1991-92,330,82,11,59,780
Kevin McHale,1992-93,358,73,16,59,762
Dirk Nowitzki,1998-99,162,47,29,27,385
Dirk Nowitzki,1999-00,532,203,63,68,1435
Dirk Nowitzki,2000-01,754,173,79,101,1784
Dirk Nowitzki,2001-02,755,186,83,77,1779
Dirk Nowitzki,2002-03,791,239,111,82,2011
Dirk Nowitzki,2003-04,670,207,92,104,1680
Dirk Nowitzki,2004-05,757,240,97,119,2032
Dirk Nowitzki,2005-06,728,226,58,83,2151
Dirk Nowitzki,2006-07,693,263,52,62,1916
Dirk Nowitzki,2007-08,659,266,51,71,1817
Dirk Nowitzki,2008-09,681,197,61,63,2094
Dirk Nowitzki,2009-10,620,218,70,79,2027
Dirk Nowitzki,2010-11,513,190,38,47,1681
Dirk Nowitzki,2011-12,418,136,42,30,1342
Dirk Nowitzki,2012-13,363,132,38,37,917
Dirk Nowitzki,2013-14,498,216,73,45,1735
Dirk Nowitzki,2014-15,457,143,39,33,1333
Dirk Nowitzki,2015-16,489,132,52,52,1372
Steve Nash,1996-97,63,138,20,0,213
Steve Nash,1997-98,160,262,63,4,691
Steve Nash,1998-99,114,219,37,2,315
Steve Nash,1999-00,121,272,37,3,481
Steve Nash,2000-01,223,509,72,5,1092
Steve Nash,2001-02,254,634,53,4,1466
Steve Nash,2002-03,234,598,85,6,1455
Steve Nash,2003-04,232,687,67,8,1128
Steve Nash,2004-05,249,861,74,6,1165
Steve Nash,2005-06,333,826,61,12,1489
Steve Nash,2006-07,269,884,57,6,1412
Steve Nash,2007-08,282,898,53,5,1371
Steve Nash,2008-09,223,717,55,10,1160
Steve Nash,2009-10,268,892,42,12,1333
Steve Nash,2010-11,260,855,48,4,1106
Steve Nash,2011-12,186,664,38,8,772
Steve Nash,2012-13,142,333,30,5,636
Steve Nash,2013-14,29,86,7,2,102
Larry Nance,1981-82,256,82,42,71,529
Larry Nance,1982-83,710,197,99,217,1370
Larry Nance,1983-84,678,214,86,174,1451
Larry Nance,1984-85,536,159,88,104,1211
Larry Nance,1985-86,618,240,70,130,1474
Larry Nance,1986-87,599,233,86,148,1552
Larry Nance,1987-88,607,207,63,159,1280
Larry Nance,1988-89,581,159,57,206,1259
Larry Nance,1989-90,516,161,54,122,1011
Larry Nance,1990-91,686,237,66,200,1537
Larry Nance,1991-92,670,232,80,243,1375
Larry Nance,1992-93,668,223,54,198,1268
Larry Nance,1993-94,227,49,27,55,370
Don Nelson,1962-63,279,72,0,0,419
Don Nelson,1963-64,323,76,0,0,419
Don Nelson,1964-65,73,24,0,0,92
Don Nelson,1965-66,403,79,0,0,765
Don Nelson,1966-67,295,65,0,0,595
Don Nelson,1967-68,431,103,0,0,819
Don Nelson,1968-69,458,92,0,0,949
Don Nelson,1969-70,601,148,0,0,1259
Don Nelson,1970-71,565,153,0,0,1141
Don Nelson,1971-72,453,192,0,0,1134
Don Nelson,1972-73,315,102,0,0,777
Don Nelson,1973-74,345,162,19,13,943
Don Nelson,1974-75,469,181,32,15,1109
Don Nelson,1975-76,182,77,14,7,477
Swen Nater,1973-74,998,129,32,63,1114
Swen Nater,1974-75,1279,97,43,87,1175
Swen Nater,1975-76,766,55,31,51,748
Swen Nater,1976-77,865,108,54,51,938
Swen Nater,1977-78,1029,216,40,47,1210
Swen Nater,1978-79,701,140,38,29,846
Swen Nater,1979-80,1216,233,45,37,1082
Swen Nater,1980-81,1017,199,49,46,1278
Swen Nater,1981-82,192,30,6,9,262
Swen Nater,1982-83,13,1,1,0,16
Swen Nater,1983-84,264,27,25,7,311
Joakim Noah,2007-08,416,84,68,64,488
Joakim Noah,2008-09,606,106,49,110,537
Joakim Noah,2009-10,704,132,32,100,687
Joakim Noah,2010-11,498,107,48,72,561
Joakim Noah,2011-12,629,160,41,92,652
Joakim Noah,2012-13,733,262,78,141,784
Joakim Noah,2013-14,900,431,99,121,1007
Joakim Noah,2014-15,646,312,48,74,485
Joakim Noah,2015-16,255,110,18,29,124
Shaquille O'Neal,1992-93,1122,152,60,286,1893
Shaquille O'Neal,1993-94,1072,195,76,231,2377
Shaquille O'Neal,1994-95,901,214,73,192,2315
Shaquille O'Neal,1995-96,596,155,34,115,1434
Shaquille O'Neal,1996-97,640,159,46,147,1336
Shaquille O'Neal,1997-98,681,142,39,144,1699
Shaquille O'Neal,1998-99,525,114,36,82,1289
Shaquille O'Neal,1999-00,1078,299,36,239,2344
Shaquille O'Neal,2000-01,940,277,47,204,2125
Shaquille O'Neal,2001-02,715,200,41,137,1822
Shaquille O'Neal,2002-03,742,206,38,159,1841
Shaquille O'Neal,2003-04,769,196,34,166,1439
Shaquille O'Neal,2004-05,760,200,36,171,1669
Shaquille O'Neal,2005-06,541,113,23,104,1181
Shaquille O'Neal,2006-07,297,79,8,55,690
Shaquille O'Neal,2007-08,554,93,32,88,832
Shaquille O'Neal,2008-09,633,126,49,108,1333
Shaquille O'Neal,2009-10,355,80,15,62,636
Shaquille O'Neal,2010-11,178,26,16,42,341
Hakeem Olajuwon,1984-85,974,111,99,220,1692
Hakeem Olajuwon,1985-86,781,137,134,231,1597
Hakeem Olajuwon,1986-87,858,220,140,254,1755
Hakeem Olajuwon,1987-88,959,163,162,214,1805
Hakeem Olajuwon,1988-89,1105,149,213,282,2034
Hakeem Olajuwon,1989-90,1149,234,174,376,1995
Hakeem Olajuwon,1990-91,770,131,121,221,1187
Hakeem Olajuwon,1991-92,845,157,127,304,1510
Hakeem Olajuwon,1992-93,1068,291,150,342,2140
Hakeem Olajuwon,1993-94,955,287,128,297,2184
Hakeem Olajuwon,1994-95,775,255,133,242,2005
Hakeem Olajuwon,1995-96,784,257,113,207,1936
Hakeem Olajuwon,1996-97,716,236,117,173,1810
Hakeem Olajuwon,1997-98,460,143,84,96,772
Hakeem Olajuwon,1998-99,478,88,82,123,945
Hakeem Olajuwon,1999-00,274,61,41,70,455
Hakeem Olajuwon,2000-01,431,72,70,88,689
Hakeem Olajuwon,2001-02,366,66,74,90,435
Charles Oakley,1985-86,664,133,68,30,740
Charles Oakley,1986-87,1074,296,85,36,1192
Charles Oakley,1987-88,1066,248,68,28,1014
Charles Oakley,1988-89,861,187,104,14,1061
Charles Oakley,1989-90,727,146,64,16,889
Charles Oakley,1990-91,920,204,62,17,853
Charles Oakley,1991-92,700,133,67,15,506
Charles Oakley,1992-93,708,126,85,15,565
Charles Oakley,1993-94,965,218,110,18,969
Charles Oakley,1994-95,445,126,60,7,506
Charles Oakley,1995-96,460,137,58,14,604
Charles Oakley,1996-97,781,221,111,21,864
Charles Oakley,1997-98,724,201,123,22,711
Charles Oakley,1998-99,374,168,46,21,348
Charles Oakley,1999-00,540,253,102,45,548
Charles Oakley,2000-01,741,264,76,48,748
Charles Oakley,2001-02,343,114,49,11,216
Charles Oakley,2002-03,107,40,13,6,74
Charles Oakley,2003-04,5,2,0,0,9
Lamar Odom,1999-00,595,317,91,95,1259
Lamar Odom,2000-01,592,392,74,122,1304
Lamar Odom,2001-02,176,171,23,36,379
Lamar Odom,2002-03,326,178,42,41,714
Lamar Odom,2003-04,776,327,85,71,1371
Lamar Odom,2004-05,653,238,42,65,975
Lamar Odom,2005-06,738,443,75,64,1186
Lamar Odom,2006-07,547,270,53,32,890
Lamar Odom,2007-08,819,273,75,72,1094
Lamar Odom,2008-09,637,204,77,98,885
Lamar Odom,2009-10,802,267,75,59,882
Lamar Odom,2010-11,710,249,47,61,1180
Lamar Odom,2011-12,208,83,20,18,332
Lamar Odom,2012-13,480,142,69,58,330
Jermaine O'Neal,1996-97,124,8,2,26,185
Jermaine O'Neal,1997-98,201,17,15,58,269
Jermaine O'Neal,1998-99,97,13,4,14,90
Jermaine O'Neal,1999-00,229,18,11,55,273
Jermaine O'Neal,2000-01,794,98,49,228,1041
Jermaine O'Neal,2001-02,757,118,45,166,1371
Jermaine O'Neal,2002-03,796,155,66,178,1600
Jermaine O'Neal,2003-04,778,164,59,199,1566
Jermaine O'Neal,2004-05,388,82,25,88,1068
Jermaine O'Neal,2005-06,476,133,27,117,1024
Jermaine O'Neal,2006-07,661,167,50,182,1339
Jermaine O'Neal,2007-08,283,93,20,87,571
Jermaine O'Neal,2008-09,433,122,29,136,905
Jermaine O'Neal,2009-10,486,92,25,95,950
Jermaine O'Neal,2010-11,88,12,2,30,129
Jermaine O'Neal,2011-12,135,10,8,43,125
Jermaine O'Neal,2012-13,293,42,19,78,454
Jermaine O'Neal,2013-14,242,25,14,40,349
Tom Owens,1971-72,390,51,0,0,504
Tom Owens,1972-73,646,94,0,0,979
Tom Owens,1973-74,717,127,54,41,1116
Tom Owens,1974-75,905,208,36,82,1239
Tom Owens,1975-76,317,69,11,41,448
Tom Owens,1976-77,142,18,4,13,188
Tom Owens,1977-78,541,160,33,37,832
Tom Owens,1978-79,740,301,59,58,1520
Tom Owens,1979-80,573,194,45,53,1250
Tom Owens,1980-81,456,140,36,47,835
Tom Owens,1981-82,372,127,41,37,780
Tom Owens,1982-83,186,44,12,14,207
Paul Pierce,1998-99,309,115,82,50,791
Paul Pierce,1999-00,396,221,152,62,1427
Paul Pierce,2000-01,522,253,138,69,2071
Paul Pierce,2001-02,566,261,154,86,2144
Paul Pierce,2002-03,578,349,139,62,2048
Paul Pierce,2003-04,522,410,131,52,1836
Paul Pierce,2004-05,539,348,133,39,1769
Paul Pierce,2005-06,530,375,107,34,2116
Paul Pierce,2006-07,277,194,48,13,1173
Paul Pierce,2007-08,411,363,101,36,1570
Paul Pierce,2008-09,457,294,80,27,1658
Paul Pierce,2009-10,310,218,84,31,1296
Paul Pierce,2010-11,430,260,80,51,1511
Paul Pierce,2011-12,317,274,70,26,1181
Paul Pierce,2012-13,487,370,84,30,1430
Paul Pierce,2013-14,348,178,86,31,1010
Paul Pierce,2014-15,294,144,46,24,868
Paul Pierce,2015-16,186,71,33,17,417
Robert Parish,1976-77,543,74,55,94,697
Robert Parish,1977-78,680,95,79,123,1025
Robert Parish,1978-79,916,115,100,217,1304
Robert Parish,1979-80,783,122,58,115,1223
Robert Parish,1980-81,777,144,81,214,1552
Robert Parish,1981-82,866,140,68,192,1590
Robert Parish,1982-83,827,141,79,148,1509
Robert Parish,1983-84,857,139,55,116,1520
Robert Parish,1984-85,840,125,56,101,1394
Robert Parish,1985-86,770,145,65,116,1305
Robert Parish,1986-87,851,173,64,144,1403
Robert Parish,1987-88,628,115,55,84,1061
Robert Parish,1988-89,996,175,79,116,1486
Robert Parish,1989-90,796,103,38,69,1243
Robert Parish,1990-91,856,66,66,103,1207
Robert Parish,1991-92,705,70,68,97,1115
Robert Parish,1992-93,740,61,57,107,994
Robert Parish,1993-94,542,82,42,96,866
Robert Parish,1994-95,350,44,27,36,389
Robert Parish,1995-96,303,29,21,54,290
Robert Parish,1996-97,89,22,6,19,161
Gary Payton,1990-91,243,528,165,15,588
Gary Payton,1991-92,295,506,147,21,764
Gary Payton,1992-93,281,399,177,21,1110
Gary Payton,1993-94,269,494,188,19,1349
Gary Payton,1994-95,281,583,204,13,1689
Gary Payton,1995-96,339,608,231,19,1563
Gary Payton,1996-97,378,583,197,13,1785
Gary Payton,1997-98,376,679,185,18,1571
Gary Payton,1998-99,244,436,109,12,1084
Gary Payton,1999-00,529,732,153,18,1982
Gary Payton,2000-01,361,642,127,26,1823
Gary Payton,2001-02,396,737,131,26,1815
Gary Payton,2002-03,334,663,133,20,1634
Gary Payton,2003-04,342,449,96,19,1199
Gary Payton,2004-05,236,469,88,12,873
Gary Payton,2005-06,233,257,71,10,626
Gary Payton,2006-07,132,201,43,3,358
Chris Paul,2005-06,400,611,175,6,1258
Chris Paul,2006-07,280,569,118,3,1104
Chris Paul,2007-08,321,925,217,4,1684
Chris Paul,2008-09,432,861,216,10,1781
Chris Paul,2009-10,191,480,96,8,841
Chris Paul,2010-11,327,782,188,5,1268
Chris Paul,2011-12,213,543,152,4,1189
Chris Paul,2012-13,262,678,169,10,1186
Chris Paul,2013-14,268,663,154,4,1185
Chris Paul,2014-15,376,838,156,15,1564
Chris Paul,2015-16,310,738,152,13,1446
Bob Pettit,1954-55,994,229,0,0,1466
Bob Pettit,1955-56,1164,189,0,0,1849
Bob Pettit,1956-57,1037,133,0,0,1755
Bob Pettit,1957-58,1216,157,0,0,1719
Bob Pettit,1958-59,1182,221,0,0,2105
Bob Pettit,1959-60,1221,257,0,0,1882
Bob Pettit,1960-61,1540,262,0,0,2120
Bob Pettit,1961-62,1459,289,0,0,2429
Bob Pettit,1962-63,1191,245,0,0,2241
Bob Pettit,1963-64,1224,259,0,0,2190
Bob Pettit,1964-65,621,128,0,0,1124
Scottie Pippen,1987-88,298,169,91,52,625
Scottie Pippen,1988-89,445,256,139,61,1048
Scottie Pippen,1989-90,547,444,211,101,1351
Scottie Pippen,1990-91,595,511,193,93,1461
Scottie Pippen,1991-92,630,572,155,93,1720
Scottie Pippen,1992-93,621,507,173,73,1510
Scottie Pippen,1993-94,629,403,211,58,1587
Scottie Pippen,1994-95,639,409,232,89,1692
Scottie Pippen,1995-96,496,452,133,57,1496
Scottie Pippen,1996-97,531,467,154,45,1656
Scottie Pippen,1997-98,227,254,79,43,841
Scottie Pippen,1998-99,323,293,98,37,726
Scottie Pippen,1999-00,513,406,117,41,1022
Scottie Pippen,2000-01,333,294,94,35,721
Scottie Pippen,2001-02,321,363,101,35,659
Scottie Pippen,2002-03,278,285,105,25,689
Scottie Pippen,2003-04,68,50,21,9,136
Chris Quinn,2006-07,30,65,15,0,141
Chris Quinn,2007-08,118,178,46,4,465
Chris Quinn,2008-09,75,132,24,2,339
Chris Quinn,2009-10,16,29,9,1,56
Chris Quinn,2010-11,25,42,5,1,81
Chris Quinn,2012-13,2,9,3,0,10
Bob Quick,1968-69,25,12,0,0,87
Bob Quick,1969-70,75,14,0,0,175
Bob Quick,1970-71,230,56,0,0,448
Bob Quick,1971-72,65,12,0,0,138
Brian Quinnett,1989-90,28,11,3,4,40
Brian Quinnett,1990-91,145,53,22,13,319
Brian Quinnett,1991-92,51,12,16,8,115
Oscar Robertson,1960-61,716,690,0,0,2165
Oscar Robertson,1961-62,985,899,0,0,2432
Oscar Robertson,1962-63,835,758,0,0,2264
Oscar Robertson,1963-64,783,868,0,0,2480
Oscar Robertson,1964-65,674,861,0,0,2279
Oscar Robertson,1965-66,586,847,0,0,2378
Oscar Robertson,1966-67,486,845,0,0,2412
Oscar Robertson,1967-68,391,633,0,0,1896
Oscar Robertson,1968-69,502,772,0,0,1955
Oscar Robertson,1969-70,422,558,0,0,1748
Oscar Robertson,1970-71,462,668,0,0,1569
Oscar Robertson,1971-72,323,491,0,0,1114
Oscar Robertson,1972-73,360,551,0,0,1130
Oscar Robertson,1973-74,279,446,77,4,888
David Robinson,1989-90,983,164,138,319,1993
David Robinson,1990-91,1063,208,127,320,2101
David Robinson,1991-92,829,181,158,305,1578
David Robinson,1992-93,956,301,127,264,1916
David Robinson,1993-94,855,381,139,265,2383
David Robinson,1994-95,877,236,134,262,2238
David Robinson,1995-96,1000,247,111,271,2051
David Robinson,1996-97,51,8,6,6,106
David Robinson,1997-98,775,199,64,192,1574
David Robinson,1998-99,492,103,69,119,775
David Robinson,1999-00,770,142,97,183,1427
David Robinson,2000-01,691,116,80,197,1151
David Robinson,2001-02,647,94,86,140,951
David Robinson,2002-03,508,61,52,111,546
Bill Russell,1956-57,943,88,0,0,706
Bill Russell,1957-58,1564,202,0,0,1142
Bill Russell,1958-59,1612,222,0,0,1168
Bill Russell,1959-60,1778,277,0,0,1350
Bill Russell,1960-61,1868,268,0,0,1322
Bill Russell,1961-62,1790,341,0,0,1436
Bill Russell,1962-63,1843,348,0,0,1309
Bill Russell,1963-64,1930,370,0,0,1168
Bill Russell,1964-65,1878,410,0,0,1102
Bill Russell,1965-66,1779,371,0,0,1005
Bill Russell,1966-67,1700,472,0,0,1075
Bill Russell,1967-68,1451,357,0,0,977
Bill Russell,1968-69,1484,374,0,0,762
Dennis Rodman,1986-87,332,56,38,48,500
Dennis Rodman,1987-88,715,110,75,45,953
Dennis Rodman,1988-89,772,99,55,76,735
Dennis Rodman,1989-90,792,72,52,60,719
Dennis Rodman,1990-91,1026,85,65,55,669
Dennis Rodman,1991-92,1530,191,68,70,800
Dennis Rodman,1992-93,1132,102,48,45,468
Dennis Rodman,1993-94,1367,184,52,32,370
Dennis Rodman,1994-95,823,97,31,23,349
Dennis Rodman,1995-96,952,160,36,27,351
Dennis Rodman,1996-97,883,170,32,19,311
Dennis Rodman,1997-98,1201,230,47,18,375
Dennis Rodman,1998-99,258,30,10,12,49
Dennis Rodman,1999-00,171,14,2,1,34
Clifford Robinson,1989-90,308,72,53,53,746
Clifford Robinson,1990-91,349,151,78,76,957
Clifford Robinson,1991-92,416,137,85,107,1016
Clifford Robinson,1992-93,542,182,98,163,1570
Clifford Robinson,1993-94,550,159,118,111,1647
Clifford Robinson,1994-95,423,198,79,82,1601
Clifford Robinson,1995-96,443,190,86,68,1644
Clifford Robinson,1996-97,321,261,99,66,1224
Clifford Robinson,1997-98,410,170,92,90,1133
Clifford Robinson,1998-99,227,128,75,59,819
Clifford Robinson,1999-00,359,224,90,61,1478
Clifford Robinson,2000-01,334,237,87,82,1345
Clifford Robinson,2001-02,386,202,89,95,1166
Clifford Robinson,2002-03,318,268,87,88,992
Clifford Robinson,2003-04,322,271,68,73,967
Clifford Robinson,2004-05,209,104,62,53,533
Clifford Robinson,2005-06,267,89,44,40,550
Clifford Robinson,2006-07,122,51,12,23,203
Glen Rice,1989-90,352,138,67,27,1048
Glen Rice,1990-91,381,189,101,26,1342
Glen Rice,1991-92,394,184,90,35,1765
Glen Rice,1992-93,424,180,92,25,1554
Glen Rice,1993-94,434,184,110,32,1708
Glen Rice,1994-95,378,192,112,14,1831
Glen Rice,1995-96,378,232,91,19,1710
Glen Rice,1996-97,318,160,72,26,2115
Glen Rice,1997-98,353,182,77,22,1826
Glen Rice,1998-99,99,71,17,6,472
Glen Rice,1999-00,327,176,47,12,1272
Glen Rice,2000-01,307,89,41,13,899
Glen Rice,2001-02,47,31,12,3,172
Glen Rice,2002-03,154,65,23,5,556
Glen Rice,2003-04,41,24,6,0,66
John Stockton,1984-85,105,415,109,11,458
John Stockton,1985-86,179,610,157,10,630
John Stockton,1986-87,151,670,177,14,648
John Stockton,1987-88,237,1128,242,16,1204
John Stockton,1988-89,248,1118,263,14,1400
John Stockton,1989-90,206,1134,207,18,1345
John Stockton,1990-91,237,1164,234,16,1413
John Stockton,1991-92,270,1126,244,22,1297
John Stockton,1992-93,237,987,199,21,1239
John Stockton,1993-94,258,1031,199,22,1236
John Stockton,1994-95,251,1011,194,22,1206
John Stockton,1995-96,226,916,140,15,1209
John Stockton,1996-97,228,860,166,15,1183
John Stockton,1997-98,166,543,89,10,770
John Stockton,1998-99,146,374,81,13,553
John Stockton,1999-00,215,703,143,15,990
John Stockton,2000-01,227,713,132,21,944
John Stockton,2001-02,263,674,152,24,1102
John Stockton,2002-03,201,629,137,16,884
Dolph Schayes,1949-50,0,259,0,0,1072
Dolph Schayes,1950-51,1080,251,0,0,1121
Dolph Schayes,1951-52,773,182,0,0,868
Dolph Schayes,1952-53,920,227,0,0,1262
Dolph Schayes,1953-54,870,214,0,0,1228
Dolph Schayes,1954-55,887,213,0,0,1333
Dolph Schayes,1955-56,891,200,0,0,1472
Dolph Schayes,1956-57,1008,229,0,0,1617
Dolph Schayes,1957-58,1022,224,0,0,1791
Dolph Schayes,1958-59,962,178,0,0,1534
Dolph Schayes,1959-60,959,256,0,0,1689
Dolph Schayes,1960-61,960,296,0,0,1868
Dolph Schayes,1961-62,439,120,0,0,822
Dolph Schayes,1962-63,375,175,0,0,627
Dolph Schayes,1963-64,110,48,0,0,134
Jack Sikma,1977-78,678,134,68,40,876
Jack Sikma,1978-79,1013,261,82,67,1281
Jack Sikma,1979-80,908,279,68,77,1175
Jack Sikma,1980-81,852,248,78,93,1530
Jack Sikma,1981-82,1038,277,102,107,1611
Jack Sikma,1982-83,858,233,87,65,1368
Jack Sikma,1983-84,911,327,95,92,1563
Jack Sikma,1984-85,723,285,83,91,1259
Jack Sikma,1985-86,748,301,92,73,1371
Jack Sikma,1986-87,822,203,88,90,1045
Jack Sikma,1987-88,709,279,93,80,1352
Jack Sikma,1988-89,623,289,85,61,1068
Jack Sikma,1989-90,492,229,76,48,986
Jack Sikma,1990-91,441,143,65,64,802
Detlef Schrempf,1985-86,198,88,23,10,397
Detlef Schrempf,1986-87,303,161,50,16,756
Detlef Schrempf,1987-88,279,159,42,32,698
Detlef Schrempf,1988-89,395,179,53,19,828
Detlef Schrempf,1989-90,620,247,59,16,1267
Detlef Schrempf,1990-91,660,301,58,22,1320
Detlef Schrempf,1991-92,770,312,62,37,1380
Detlef Schrempf,1992-93,780,493,79,27,1567
Detlef Schrempf,1993-94,454,275,73,9,1212
Detlef Schrempf,1994-95,508,310,93,35,1572
Detlef Schrempf,1995-96,328,276,56,8,1080
Detlef Schrempf,1996-97,394,266,63,16,1022
Detlef Schrempf,1997-98,554,341,60,19,1232
Detlef Schrempf,1998-99,370,184,41,26,752
Detlef Schrempf,1999-00,332,197,37,17,574
Detlef Schrempf,2000-01,78,44,7,3,104
Amar'e Stoudemire,2002-03,721,78,62,87,1106
Amar'e Stoudemire,2003-04,496,78,64,89,1133
Amar'e Stoudemire,2004-05,713,131,77,130,2080
Amar'e Stoudemire,2005-06,16,2,1,3,26
Amar'e Stoudemire,2006-07,786,84,78,110,1671
Amar'e Stoudemire,2007-08,719,118,64,163,1989
Amar'e Stoudemire,2008-09,430,104,49,57,1134
Amar'e Stoudemire,2009-10,732,82,52,83,1896
Amar'e Stoudemire,2010-11,636,202,71,150,1971
Amar'e Stoudemire,2011-12,367,52,38,45,823
Amar'e Stoudemire,2012-13,145,13,10,21,413
Amar'e Stoudemire,2013-14,320,34,23,37,772
Amar'e Stoudemire,2014-15,329,45,29,38,680
Amar'e Stoudemire,2015-16,222,27,18,41,300
Rod Strickland,1988-89,160,319,98,3,721
Rod Strickland,1989-90,259,468,127,14,868
Rod Strickland,1990-91,219,463,117,11,800
Rod Strickland,1991-92,265,491,118,17,787
Rod Strickland,1992-93,337,559,131,24,1069
Rod Strickland,1993-94,370,740,147,24,1411
Rod Strickland,1994-95,317,562,123,9,1211
Rod Strickland,1995-96,297,640,97,16,1256
Rod Strickland,1996-97,335,727,143,14,1410
Rod Strickland,1997-98,405,801,126,25,1349
Rod Strickland,1998-99,212,434,76,5,690
Rod Strickland,1999-00,259,519,94,18,869
Rod Strickland,2000-01,140,303,53,5,498
Rod Strickland,2001-02,232,463,82,11,794
Rod Strickland,2002-03,95,215,46,6,320
Rod Strickland,2003-04,155,244,35,11,382
Rod Strickland,2004-05,27,39,3,2,28
Otis Thorpe,1984-85,556,111,34,37,1052
Otis Thorpe,1985-86,420,84,35,34,742
Otis Thorpe,1986-87,819,201,46,60,1547
Otis Thorpe,1987-88,837,266,62,56,1704
Otis Thorpe,1988-89,787,202,82,37,1370
Otis Thorpe,1989-90,734,261,66,24,1401
Otis Thorpe,1990-91,846,197,73,20,1435
Otis Thorpe,1991-92,862,250,52,37,1420
Otis Thorpe,1992-93,589,181,43,19,923
Otis Thorpe,1993-94,870,189,66,28,1149
Otis Thorpe,1994-95,558,112,41,28,937
Otis Thorpe,1995-96,688,158,53,39,1161
Otis Thorpe,1996-97,622,133,59,17,1036
Otis Thorpe,1997-98,537,222,48,30,752
Otis Thorpe,1998-99,334,101,42,19,554
Otis Thorpe,1999-00,166,33,26,9,279
Otis Thorpe,2000-01,145,29,12,7,138
Jason Terry,1999-00,166,346,90,10,657
Jason Terry,2000-01,269,403,104,12,1619
Jason Terry,2001-02,270,444,144,13,1504
Jason Terry,2002-03,279,600,126,14,1395
Jason Terry,2003-04,336,437,124,16,1359
Jason Terry,2004-05,188,429,109,15,993
Jason Terry,2005-06,158,306,100,27,1371
Jason Terry,2006-07,231,422,81,17,1350
Jason Terry,2007-08,208,264,88,18,1269
Jason Terry,2008-09,177,251,97,20,1447
Jason Terry,2009-10,140,292,94,17,1280
Jason Terry,2010-11,153,334,93,13,1293
Jason Terry,2011-12,149,226,73,11,950
Jason Terry,2012-13,159,198,66,11,799
Jason Terry,2013-14,37,56,13,0,159
Jason Terry,2014-15,121,147,66,19,541
Jason Terry,2015-16,79,103,47,9,422
Isiah Thomas,1981-82,209,565,150,17,1225
Isiah Thomas,1982-83,328,634,199,29,1854
Isiah Thomas,1983-84,327,914,204,33,1748
Isiah Thomas,1984-85,361,1123,187,25,1720
Isiah Thomas,1985-86,277,830,171,20,1609
Isiah Thomas,1986-87,319,813,153,20,1671
Isiah Thomas,1987-88,278,678,141,17,1577
Isiah Thomas,1988-89,273,663,133,20,1458
Isiah Thomas,1989-90,308,765,139,19,1492
Isiah Thomas,1990-91,160,446,75,10,776
Isiah Thomas,1991-92,247,560,118,15,1445
Isiah Thomas,1992-93,232,671,123,18,1391
Isiah Thomas,1993-94,159,399,68,6,856
Nate Thurmond,1963-64,790,86,0,0,533
Nate Thurmond,1964-65,1395,157,0,0,1273
Nate Thurmond,1965-66,1312,111,0,0,1188
Nate Thurmond,1966-67,1382,166,0,0,1214
Nate Thurmond,1967-68,1121,215,0,0,1046
Nate Thurmond,1968-69,1402,253,0,0,1524
Nate Thurmond,1969-70,762,150,0,0,943
Nate Thurmond,1970-71,1128,257,0,0,1641
Nate Thurmond,1971-72,1252,230,0,0,1673
Nate Thurmond,1972-73,1349,280,0,0,1349
Nate Thurmond,1973-74,878,165,41,179,807
Nate Thurmond,1974-75,904,328,46,195,632
Nate Thurmond,1975-76,415,94,22,98,346
Nate Thurmond,1976-77,374,83,16,81,268
Jack Twyman,1955-56,466,171,0,0,1038
Jack Twyman,1956-57,354,123,0,0,1174
Jack Twyman,1957-58,464,110,0,0,1237
Jack Twyman,1958-59,653,209,0,0,1857
Jack Twyman,1959-60,664,260,0,0,2338
Jack Twyman,1960-61,672,225,0,0,1997
Jack Twyman,1961-62,638,215,0,0,1831
Jack Twyman,1962-63,598,214,0,0,1586
Jack Twyman,1963-64,364,137,0,0,1083
Jack Twyman,1964-65,383,137,0,0,1156
Jack Twyman,1965-66,168,60,0,0,543
Rudy Tomjanovich,1970-71,381,73,0,0,409
Rudy Tomjanovich,1971-72,923,117,0,0,1172
Rudy Tomjanovich,1972-73,938,178,0,0,1560
Rudy Tomjanovich,1973-74,717,250,89,66,1961
Rudy Tomjanovich,1974-75,613,236,76,24,1677
Rudy Tomjanovich,1975-76,666,188,42,19,1465
Rudy Tomjanovich,1976-77,684,172,57,27,1753
Rudy Tomjanovich,1977-78,138,32,15,5,495
Rudy Tomjanovich,1978-79,572,137,44,18,1408
Rudy Tomjanovich,1979-80,358,109,32,10,880
Rudy Tomjanovich,1980-81,208,81,19,6,603
Wes Unseld,1968-69,1491,213,0,0,1131
Wes Unseld,1969-70,1370,291,0,0,1325
Wes Unseld,1970-71,1253,293,0,0,1047
Wes Unseld,1971-72,1336,278,0,0,989
Wes Unseld,1972-73,1260,347,0,0,991
Wes Unseld,1973-74,517,159,56,16,328
Wes Unseld,1974-75,1077,297,115,68,672
Wes Unseld,1975-76,1036,404,84,59,750
Wes Unseld,1976-77,877,363,87,45,640
Wes Unseld,1977-78,955,326,98,45,607
Wes Unseld,1978-79,830,315,71,37,843
Wes Unseld,1979-80,1094,366,65,61,794
Wes Unseld,1980-81,673,170,52,36,507
Beno Udrih,2004-05,83,150,41,10,471
Beno Udrih,2005-06,52,92,14,2,275
Beno Udrih,2006-07,82,122,27,1,340
Beno Udrih,2007-08,217,282,56,10,834
Beno Udrih,2008-09,220,342,81,12,800
Beno Udrih,2009-10,219,372,89,10,1023
Beno Udrih,2010-11,265,386,94,9,1086
Beno Udrih,2011-12,102,227,37,1,348
Beno Udrih,2012-13,141,302,41,3,538
Beno Udrih,2013-14,59,116,23,4,200
Beno Udrih,2014-15,143,220,46,8,605
Beno Udrih,2015-16,72,116,14,1,205
Ime Udoka,2003-04,5,2,2,1,8
Ime Udoka,2005-06,17,6,1,0,22
Ime Udoka,2006-07,279,112,71,17,629
Ime Udoka,2007-08,228,63,56,17,423
Ime Udoka,2008-09,187,54,36,12,289
Ime Udoka,2009-10,191,58,34,6,250
Ime Udoka,2010-11,19,13,8,1,14
Ekpe Udoh,2010-11,181,40,22,86,236
Ekpe Udoh,2011-12,254,57,40,102,340
Ekpe Udoh,2012-13,251,43,39,85,323
Ekpe Udoh,2013-14,148,31,15,44,144
Ekpe Udoh,2014-15,26,8,8,7,29
Kelvin Upshaw,1988-89,49,117,26,3,219
Kelvin Upshaw,1989-90,41,54,27,1,160
Kelvin Upshaw,1990-91,55,86,28,5,270
Ben Uzoh,2010-11,61,69,13,8,158
Ben Uzoh,2011-12,67,61,17,3,81
Kiki Vandeweghe,1980-81,270,94,29,24,588
Kiki Vandeweghe,1981-82,461,247,52,29,1760
Kiki Vandeweghe,1982-83,437,203,66,38,2186
Kiki Vandeweghe,1983-84,373,238,53,50,2295
Kiki Vandeweghe,1984-85,228,106,37,22,1616
Kiki Vandeweghe,1985-86,216,187,54,17,1962
Kiki Vandeweghe,1986-87,251,220,52,17,2122
Kiki Vandeweghe,1987-88,109,71,21,7,747
Kiki Vandeweghe,1988-89,71,69,19,11,499
Kiki Vandeweghe,1989-90,53,41,15,3,258
Kiki Vandeweghe,1990-91,180,110,42,10,1226
Kiki Vandeweghe,1991-92,88,57,15,8,467
Kiki Vandeweghe,1992-93,48,25,13,7,254
Dick Van Arsdale,1965-66,376,184,0,0,969
Dick Van Arsdale,1966-67,555,247,0,0,1191
Dick Van Arsdale,1967-68,424,230,0,0,859
Dick Van Arsdale,1968-69,548,385,0,0,1678
Dick Van Arsdale,1969-70,264,338,0,0,1643
Dick Van Arsdale,1970-71,316,329,0,0,1771
Dick Van Arsdale,1971-72,334,297,0,0,1619
Dick Van Arsdale,1972-73,326,268,0,0,1490
Dick Van Arsdale,1973-74,221,324,96,17,1389
Dick Van Arsdale,1974-75,189,195,81,11,1124
Dick Van Arsdale,1975-76,137,140,52,11,747
Dick Van Arsdale,1976-77,117,120,35,5,599
Nick Van Exel,1993-94,238,466,85,8,1099
Nick Van Exel,1994-95,223,660,97,6,1348
Nick Van Exel,1995-96,181,509,70,10,1099
Nick Van Exel,1996-97,226,672,75,10,1206
Nick Van Exel,1997-98,194,442,64,6,881
Nick Van Exel,1998-99,113,368,40,3,826
Nick Van Exel,1999-00,311,714,68,11,1275
Nick Van Exel,2000-01,241,600,61,18,1259
Nick Van Exel,2001-02,254,478,44,11,1322
Nick Van Exel,2002-03,208,312,42,4,912
Nick Van Exel,2003-04,104,206,20,2,490
Nick Van Exel,2004-05,161,227,44,0,586
Nick Van Exel,2005-06,91,123,16,3,355
Norm Van Lier,1969-70,409,500,0,0,770
Norm Van Lier,1970-71,583,832,0,0,1315
Norm Van Lier,1971-72,357,542,0,0,905
Norm Van Lier,1972-73,438,567,0,0,1114
Norm Van Lier,1973-74,377,548,162,7,1142
Norm Van Lier,1974-75,328,403,139,14,1050
Norm Van Lier,1975-76,410,500,150,26,957
Norm Van Lier,1976-77,370,636,129,16,838
Norm Van Lier,1977-78,284,531,144,5,572
Norm Van Lier,1978-79,40,158,43,3,107
Anderson Varejao,2004-05,257,27,41,38,266
Anderson Varejao,2005-06,235,19,31,19,219
Anderson Varejao,2006-07,545,75,76,52,547
Anderson Varejao,2007-08,399,53,37,26,321
Anderson Varejao,2008-09,581,81,75,66,694
Anderson Varejao,2009-10,578,87,71,67,651
Anderson Varejao,2010-11,301,45,27,38,282
Anderson Varejao,2011-12,287,43,35,17,271
Anderson Varejao,2012-13,361,84,37,14,353
Anderson Varejao,2013-14,629,140,69,39,546
Anderson Varejao,2014-15,170,35,19,16,255
Anderson Varejao,2015-16,141,35,16,10,138
Keith Van Horn,1997-98,408,106,64,25,1219
Keith Van Horn,1998-99,358,65,43,53,916
Keith Van Horn,1999-00,676,158,64,60,1535
Keith Van Horn,2000-01,347,82,40,20,831
Keith Van Horn,2001-02,609,164,63,42,1199
Keith Van Horn,2002-03,524,93,63,30,1176
Keith Van Horn,2003-04,501,120,68,33,1162
Keith Van Horn,2004-05,294,75,36,21,696
Keith Van Horn,2005-06,192,37,31,11,472
Jerry West,1960-61,611,333,0,0,1389
Jerry West,1961-62,591,402,0,0,2310
Jerry West,1962-63,384,307,0,0,1489
Jerry West,1963-64,433,403,0,0,2064
Jerry West,1964-65,447,364,0,0,2292
Jerry West,1965-66,562,480,0,0,2476
Jerry West,1966-67,392,447,0,0,1892
Jerry West,1967-68,294,310,0,0,1343
Jerry West,1968-69,262,423,0,0,1580
Jerry West,1969-70,338,554,0,0,2309
Jerry West,1970-71,320,655,0,0,1859
Jerry West,1971-72,327,747,0,0,1985
Jerry West,1972-73,289,607,0,0,1575
Jerry West,1973-74,116,206,81,23,629
Buck Williams,1981-82,1005,107,84,84,1268
Buck Williams,1982-83,1027,125,91,110,1396
Buck Williams,1983-84,1000,130,81,125,1274
Buck Williams,1984-85,1005,167,63,110,1491
Buck Williams,1985-86,986,131,73,96,1301
Buck Williams,1986-87,1023,129,78,91,1472
Buck Williams,1987-88,834,109,68,44,1279
Buck Williams,1988-89,696,78,61,36,959
Buck Williams,1989-90,800,116,69,39,1114
Buck Williams,1990-91,751,97,47,47,933
Buck Williams,1991-92,704,108,62,41,901
Buck Williams,1992-93,690,75,81,61,678
Buck Williams,1993-94,843,80,58,47,783
Buck Williams,1994-95,669,78,67,69,757
Buck Williams,1995-96,404,42,40,47,511
Buck Williams,1996-97,397,53,40,38,465
Buck Williams,1997-98,183,21,17,15,202
Dominique Wilkins,1982-83,478,129,84,63,1434
Dominique Wilkins,1983-84,582,126,117,87,1750
Dominique Wilkins,1984-85,557,200,135,54,2217
Dominique Wilkins,1985-86,618,206,138,49,2366
Dominique Wilkins,1986-87,494,261,117,51,2294
Dominique Wilkins,1987-88,502,224,103,47,2397
Dominique Wilkins,1988-89,553,211,117,52,2099
Dominique Wilkins,1989-90,521,200,126,47,2138
Dominique Wilkins,1990-91,732,265,123,65,2101
Dominique Wilkins,1991-92,295,158,52,24,1179
Dominique Wilkins,1992-93,482,227,70,27,2121
Dominique Wilkins,1993-94,481,169,92,30,1923
Dominique Wilkins,1994-95,401,166,61,14,1370
Dominique Wilkins,1996-97,402,119,39,31,1145
Dominique Wilkins,1998-99,71,16,4,1,134
Chet Walker,1962-63,561,83,0,0,957
Chet Walker,1963-64,784,124,0,0,1314
Chet Walker,1964-65,528,132,0,0,1042
Chet Walker,1965-66,636,201,0,0,1221
Chet Walker,1966-67,660,188,0,0,1567
Chet Walker,1967-68,607,157,0,0,1465
Chet Walker,1968-69,640,144,0,0,1477
Chet Walker,1969-70,604,192,0,0,1675
Chet Walker,1970-71,588,179,0,0,1780
Chet Walker,1971-72,473,178,0,0,1719
Chet Walker,1972-73,395,179,0,0,1570
Chet Walker,1973-74,406,200,68,4,1583
Chet Walker,1974-75,432,169,49,6,1461
Dwyane Wade,2003-04,247,275,86,34,991
Dwyane Wade,2004-05,397,520,121,82,1854
Dwyane Wade,2005-06,430,503,146,58,2040
Dwyane Wade,2006-07,239,384,107,62,1397
Dwyane Wade,2007-08,214,354,87,37,1254
Dwyane Wade,2008-09,398,589,173,106,2386
Dwyane Wade,2009-10,373,501,142,82,2045
Dwyane Wade,2010-11,485,346,111,87,1941
Dwyane Wade,2011-12,237,225,82,63,1082
Dwyane Wade,2012-13,344,352,128,56,1463
Dwyane Wade,2013-14,241,252,79,29,1028
Dwyane Wade,2014-15,219,299,73,21,1331
Dwyane Wade,2015-16,302,344,79,42,1409
Rasheed Wallace,1995-96,303,85,42,54,655
Rasheed Wallace,1996-97,419,74,48,59,938
Rasheed Wallace,1997-98,478,195,75,88,1124
Rasheed Wallace,1998-99,241,60,48,54,628
Rasheed Wallace,1999-00,566,142,87,107,1325
Rasheed Wallace,2000-01,602,212,90,135,1477
Rasheed Wallace,2001-02,645,152,101,101,1521
Rasheed Wallace,2002-03,548,153,70,77,1340
Rasheed Wallace,2003-04,459,156,61,122,1088
Rasheed Wallace,2004-05,644,142,65,115,1145
Rasheed Wallace,2005-06,547,182,82,130,1209
Rasheed Wallace,2006-07,543,127,75,118,926
Rasheed Wallace,2007-08,511,137,91,129,979
Rasheed Wallace,2008-09,490,91,62,86,795
Rasheed Wallace,2009-10,325,80,80,70,710
Rasheed Wallace,2012-13,83,6,13,15,146
George Yardley,1953-54,407,99,0,0,564
George Yardley,1954-55,594,126,0,0,1036
George Yardley,1955-56,686,159,0,0,1233
George Yardley,1956-57,755,147,0,0,1547
George Yardley,1957-58,768,97,0,0,2001
George Yardley,1958-59,431,65,0,0,1209
George Yardley,1959-60,579,122,0,0,1473
Thaddeus Young,2007-08,312,58,73,8,610
Thaddeus Young,2008-09,377,86,100,23,1145
Thaddeus Young,2009-10,350,97,81,15,926
Thaddeus Young,2010-11,434,82,90,26,1045
Thaddeus Young,2011-12,325,74,64,41,808
Thaddeus Young,2012-13,571,125,133,55,1127
Thaddeus Young,2013-14,476,182,167,36,1417
Thaddeus Young,2014-15,411,173,124,25,1071
Thaddeus Young,2015-16,660,135,112,37,1102
Danny Young,1984-85,3,2,3,0,4
Danny Young,1985-86,120,303,110,9,568
Danny Young,1986-87,113,353,74,3,352
Danny Young,1987-88,75,218,52,2,243
Danny Young,1988-89,74,123,55,3,297
Danny Young,1989-90,122,231,82,4,383
Danny Young,1990-91,75,141,50,7,283
Danny Young,1991-92,75,172,46,4,280
Danny Young,1992-93,47,119,31,5,188
Danny Young,1994-95,5,12,4,0,24
Nick Young,2007-08,115,63,35,7,561
Nick Young,2008-09,150,95,39,20,892
Nick Young,2009-10,102,48,28,8,639
Nick Young,2010-11,174,75,45,17,1115
Nick Young,2011-12,133,56,44,17,879
Nick Young,2012-13,130,84,36,14,628
Nick Young,2013-14,166,95,46,12,1144
Nick Young,2014-15,96,41,23,11,563
Nick Young,2015-16,97,34,23,7,392
Sam Young,2009-10,201,52,34,20,595
Sam Young,2010-11,187,71,68,23,572
Sam Young,2011-12,62,15,17,6,114
Sam Young,2012-13,123,42,15,8,155
Michael Young,1984-85,2,0,0,0,4
Michael Young,1985-86,0,0,0,0,0
Michael Young,1989-90,86,24,25,3,219
Max Zaslofsky,1946-47,0,40,0,0,877
Max Zaslofsky,1947-48,0,29,0,0,1007
Max Zaslofsky,1948-49,0,149,0,0,1197
Max Zaslofsky,1949-50,0,155,0,0,1115
Max Zaslofsky,1950-51,228,136,0,0,835
Max Zaslofsky,1951-52,194,156,0,0,931
Max Zaslofsky,1952-53,75,55,0,0,344
Max Zaslofsky,1953-54,160,154,0,0,811
Max Zaslofsky,1954-55,191,203,0,0,785
Max Zaslofsky,1955-56,16,16,0,0,88
Tyler Zeller,2012-13,438,96,35,70,610
Tyler Zeller,2013-14,282,36,18,38,399
Tyler Zeller,2014-15,465,113,18,52,833
Tyler Zeller,2015-16,178,29,10,22,364
Cody Zeller,2013-14,353,92,40,41,490
Cody Zeller,2014-15,362,100,34,49,472
Cody Zeller,2015-16,455,71,57,63,638
Zeke Zawoluk,1952-53,146,31,0,0,187
Zeke Zawoluk,1953-54,330,99,0,0,592
Zeke Zawoluk,1954-55,256,87,0,0,431
Harry Zeller,1946-47,0,31,0,0,362
Wang Zhizhi,2000-01,7,0,0,0,24
Wang Zhizhi,2001-02,111,22,11,18,308
Wang Zhizhi,2002-03,77,10,8,10,182
Wang Zhizhi,2003-04,18,2,3,5,47
Wang Zhizhi,2004-05,18,5,3,2,43
